start_x,start_y,end_x,end_y,prev_x,prev_y,prev_speed,next_x,next_y,next_speed,delta_start,delta_end
1151,161,458,319,1152,161,6.0,1152,163,67.0,1.0,711.7583859709698
1151,161,458,319,1152,163,67.0,1151,165,63.0,2.23606797749979,711.3170882243727
1151,161,458,319,1151,165,63.0,1137,175,424.0,4.0,709.9049232115523
1151,161,458,319,1137,175,424.0,1088,198,1441.0,19.79898987322333,694.1015775806881
1151,161,458,319,1088,198,1441.0,1028,220,1765.0,73.06161783043132,641.5146140190417
1151,161,458,319,1028,220,1765.0,921,254,3242.0,136.41847382227965,578.5334908196759
1151,161,458,319,921,254,3242.0,785,288,4250.0,248.09070921741508,467.54037258829317
1151,161,458,319,785,288,4250.0,707,304,2167.0,387.40805360756247,328.4661321963042
1151,161,458,319,707,304,2167.0,635,316,2323.0,466.460073318178,249.45139807184887
1151,161,458,319,635,316,2323.0,591,322,1333.0,538.7773194929423,177.02542190318317
1151,161,458,319,591,322,1333.0,561,325,857.0,582.6843056063892,133.0338302838793
1151,161,458,319,561,325,857.0,542,324,576.0,612.3691697007615,103.1746092796091
1151,161,458,319,542,324,576.0,507,319,1094.0,630.4363568196238,84.1486779456457
1151,161,458,319,507,319,1094.0,471,318,1059.0,663.0987860040161,49.0
1151,161,458,319,471,318,1059.0,458,319,394.0,697.8889596490261,13.038404810405298
1151,161,458,319,458,319,394.0,458,319,0.0,710.7833706552229,0.0
458,319,92,170,455,319,11.0,438,318,531.0,3.0,392.3901120058965
458,319,92,170,438,318,531.0,400,313,1118.0,20.024984394500787,376.3243282064023
458,319,92,170,400,313,1118.0,312,291,2588.0,58.309518948453004,339.5776788895289
458,319,92,170,312,291,2588.0,235,269,2333.0,148.66068747318505,251.0796686312932
458,319,92,170,235,269,2333.0,182,248,1656.0,228.53664913969487,173.92527130926086
458,319,92,170,182,248,1656.0,142,220,1176.0,284.98596456667826,119.09659944767525
458,319,92,170,142,220,1176.0,128,202,545.0,331.14498335321343,70.71067811865476
458,319,92,170,128,202,545.0,123,191,324.0,350.1271197722336,48.16637831516918
458,319,92,170,123,191,324.0,116,184,212.0,358.62096982747676,37.44329045369811
458,319,92,170,116,184,212.0,105,177,324.0,367.68056788467896,27.784887978899608
458,319,92,170,105,177,324.0,96,172,273.0,380.4904729424904,14.7648230602334
458,319,92,170,96,172,273.0,92,170,0.0,390.7083311115851,4.47213595499958
91,169,796,487,91,170,13.0,99,189,475.0,1.0,772.9902974811521
91,169,796,487,99,189,475.0,120,220,912.0,21.540659228538015,758.032321210646
91,169,796,487,120,220,912.0,175,274,1667.0,58.66856057549052,726.8184092330079
91,169,796,487,175,274,1667.0,270,333,2794.0,134.46560898608982,656.5135185203729
91,169,796,487,270,333,2794.0,422,408,4606.0,242.76943794472976,548.0802860895473
91,169,796,487,422,408,4606.0,533,447,3265.0,408.2670694533175,382.2525343277661
91,169,796,487,533,447,3265.0,648,479,3594.0,522.1570644930508,266.02443496791795
91,169,796,487,648,479,3594.0,723,496,2206.0,637.4550964577819,148.21605850919124
91,169,796,487,723,496,2206.0,759,500,1091.0,711.5848508786567,73.55270219373317
91,169,796,487,759,500,1091.0,770,498,324.0,745.5098926238337,39.21734310225516
91,169,796,487,770,498,324.0,772,496,49.0,754.507786573472,28.231188426986208
91,169,796,487,772,496,49.0,785,492,310.0,755.4402689822671,25.632011235952593
91,169,796,487,785,492,310.0,792,489,212.0,765.4835073337636,12.083045973594572
91,169,796,487,792,489,212.0,795,487,88.0,770.584842830431,4.47213595499958
91,169,796,487,795,487,88.0,796,487,0.0,772.4894821290449,1.0
796,487,1157,727,796,488,5.0,796,489,22.0,1.0,432.9457240809753
796,487,1157,727,796,489,22.0,804,502,394.0,2.0,432.3944958021552
796,487,1157,727,804,502,394.0,825,525,697.0,17.0,418.6096033298806
796,487,1157,727,825,525,697.0,878,570,1606.0,47.80167361086848,388.6232108353797
796,487,1157,727,878,570,1606.0,937,611,1686.0,116.67476162392619,320.14059411452337
796,487,1157,727,937,611,1686.0,1035,667,3063.0,187.76847445724215,248.70866490735702
796,487,1157,727,1035,667,3063.0,1094,697,1686.0,299.20060160367325,135.95587519485872
796,487,1157,727,1094,697,1686.0,1144,718,1563.0,364.5600087777045,69.77822009767804
796,487,1157,727,1144,718,1563.0,1158,725,424.0,417.6900764921283,15.811388300841896
796,487,1157,727,1158,725,424.0,1159,726,20.0,433.22973120505014,2.23606797749979
796,487,1157,727,1159,726,20.0,1157,727,19.0,434.6147719532782,2.23606797749979
796,487,1157,727,1157,727,19.0,1157,727,0.0,433.4985582444306,0.0
1157,727,789,762,1158,729,7.0,1154,740,297.0,2.23606797749979,370.4726710568541
1157,727,789,762,1154,740,297.0,1135,768,824.0,13.341664064126334,365.66241261578966
1157,727,789,762,1135,768,824.0,1099,800,1091.0,46.52956049652737,346.0520192109851
1157,727,789,762,1099,800,1091.0,1028,838,2088.0,93.23625904121208,312.3203483604615
1157,727,789,762,1028,838,2088.0,951,858,2265.0,170.182255244194,250.79274311670184
1157,727,789,762,951,858,2265.0,899,858,1576.0,244.12496799794977,188.30825791770258
1157,727,789,762,899,858,1576.0,869,844,909.0,289.35272592460575,146.0
1157,727,789,762,869,844,909.0,858,822,647.0,310.85848870506976,114.56002793295748
1157,727,789,762,858,822,647.0,856,797,735.0,313.72918257631056,91.43850392476902
1157,727,789,762,856,797,735.0,854,777,606.0,309.03236076501764,75.59100475585703
1157,727,789,762,854,777,606.0,848,764,419.0,307.0977043222564,66.70832032063167
1157,727,789,762,848,764,419.0,841,759,200.0,311.20732639190874,59.033888572581766
1157,727,789,762,841,759,200.0,827,757,438.0,317.6161204976851,52.08646657242167
1157,727,789,762,827,757,438.0,810,758,500.0,331.3608305156178,38.3275357934736
1157,727,789,762,810,758,500.0,793,761,500.0,348.38197427536346,21.37755832643195
1157,727,789,762,793,761,500.0,789,762,0.0,365.5844635648512,4.123105625617661
592,731,730,335,592,731,0.0,591,728,94.0,0.0,419.35665012015727
592,731,730,335,591,728,94.0,590,726,65.0,3.1622776601683795,416.8572897287512
592,731,730,335,590,726,65.0,590,722,125.0,5.385164807134504,415.3083192039379
592,731,730,335,590,722,125.0,591,709,394.0,9.219544457292887,411.54465128342997
592,731,730,335,591,709,394.0,596,688,636.0,22.02271554554524,398.9949874371857
592,731,730,335,596,688,636.0,604,663,758.0,43.18564576337837,377.5778065511796
592,731,730,335,604,663,758.0,613,641,647.0,69.05070600652827,351.3687521678614
592,731,730,335,613,641,647.0,627,608,1000.0,92.41753080449618,327.6049450176233
592,731,730,335,627,608,1000.0,638,583,735.0,127.88275880665071,291.78416680827627
592,731,730,335,638,583,735.0,651,560,676.0,154.983870128475,264.51464987784703
592,731,730,335,651,560,676.0,662,532,848.0,180.89223311131963,238.4659304806454
592,731,730,335,662,532,848.0,669,499,1000.0,210.95260131128984,208.40585404445815
592,731,730,335,669,499,1000.0,675,464,1061.0,244.44426767670376,174.9771413642365
592,731,730,335,675,464,1061.0,694,414,1471.0,279.6032903955173,140.2355161861645
592,731,730,335,694,414,1471.0,716,361,1606.0,333.00600595184466,86.81589716175259
592,731,730,335,716,361,1606.0,727,338,676.0,390.2255757891838,29.5296461204668
592,731,730,335,727,338,676.0,730,332,90.0,415.5406117336788,4.242640687119285
592,731,730,335,730,332,90.0,730,335,88.0,422.19071519871204,3.0
592,731,730,335,730,335,88.0,730,335,0.0,419.35665012015727,0.0
730,335,1111,196,731,335,2.0,762,324,912.0,1.0,404.6245172996812
730,335,1111,196,762,324,912.0,819,303,1676.0,33.83784863137726,371.7324306540929
730,335,1111,196,819,303,1676.0,874,283,1667.0,94.57801012920498,310.98713799769916
730,335,1111,196,874,283,1667.0,943,260,2091.0,153.1012736720371,252.46385879963097
730,335,1111,196,943,260,2091.0,1000,241,1676.0,225.81851119870575,179.77764043395385
730,335,1111,196,1000,241,1676.0,1057,223,1676.0,285.8950856520622,119.77478866606278
730,335,1111,196,1057,223,1676.0,1085,213,875.0,345.6486655550691,60.37383539249432
730,335,1111,196,1085,213,875.0,1096,208,324.0,375.37847567488467,31.064449134018133
730,335,1111,196,1096,208,324.0,1100,206,118.0,387.40805360756247,19.209372712298546
730,335,1111,196,1100,206,118.0,1102,204,61.0,391.84308083721476,14.866068747318506
730,335,1111,196,1102,204,61.0,1105,202,91.0,394.3919370372574,12.041594578792296
730,335,1111,196,1105,202,91.0,1107,200,61.0,397.88691860879266,8.48528137423857
730,335,1111,196,1107,200,61.0,1110,197,88.0,400.442255512577,5.656854249492381
730,335,1111,196,1110,197,88.0,1111,196,0.0,404.2820797413608,1.4142135623730951
1111,196,412,337,1111,197,4.0,1110,198,20.0,1.0,712.8821782033831
1111,196,412,337,1110,198,20.0,1105,202,152.0,2.23606797749979,711.7056976025975
1111,196,412,337,1105,202,152.0,1095,208,294.0,8.48528137423857,706.0269116683868
1111,196,412,337,1095,208,294.0,1061,220,1030.0,20.0,695.0755354635926
1111,196,412,337,1061,220,1030.0,1010,232,1500.0,55.46169849544819,659.4619018563544
1111,196,412,337,1010,232,1500.0,874,258,4387.0,107.2240644631605,607.1482520768712
1111,196,412,337,874,258,4387.0,720,276,4529.0,244.97550897997945,468.70566456999427
1111,196,412,337,720,276,4529.0,605,294,3382.0,399.10023803550905,313.9824835878588
1111,196,412,337,605,294,3382.0,547,308,1758.0,515.4027551342737,197.7321420508057
1111,196,412,337,547,308,1758.0,533,314,412.0,575.0130433303231,138.07968713753664
1111,196,412,337,533,314,412.0,532,317,91.0,589.9220287461725,123.1665539016173
1111,196,412,337,532,317,91.0,526,322,176.0,591.5082417008236,121.6552506059644
1111,196,412,337,526,322,176.0,489,328,1121.0,598.4154075556544,114.9826073804208
1111,196,412,337,489,328,1121.0,439,332,1515.0,635.8521840805456,77.52418977325722
1111,196,412,337,439,332,1515.0,412,337,844.0,685.6238035541065,27.459060435491963
1111,196,412,337,412,337,844.0,412,337,0.0,713.0792382337323,0.0
412,337,108,202,411,336,3.0,401,332,286.0,1.4142135623730951,331.30801378777426
412,337,108,202,401,332,286.0,358,319,1303.0,12.083045973594572,320.5448486561592
412,337,108,202,358,319,1303.0,290,297,2000.0,56.92099788303083,276.0235497199469
412,337,108,202,290,297,2000.0,187,260,3121.0,128.39003076563228,205.30221625691235
412,337,108,202,187,260,3121.0,135,238,1576.0,237.81084920583416,98.00510190801293
412,337,108,202,135,238,1576.0,109,224,743.0,294.15982050579237,45.0
412,337,108,202,109,224,743.0,106,218,182.0,323.3852192045889,22.02271554554524
412,337,108,202,106,218,182.0,107,212,182.0,328.3245345690754,16.1245154965971
412,337,108,202,107,212,182.0,108,207,152.0,329.6209944769902,10.04987562112089
412,337,108,202,108,207,152.0,108,205,59.0,330.6297022349928,5.0
412,337,108,202,108,205,59.0,108,202,45.0,331.42118218363777,3.0
412,337,108,202,108,202,45.0,108,202,0.0,332.62741919450957,0.0
108,202,783,478,108,204,9.0,119,219,385.0,2.0,728.4922786138505
108,202,783,478,119,219,385.0,147,240,875.0,20.248456731316587,712.7250521765037
108,202,783,478,147,240,875.0,203,268,1647.0,54.45181356024793,679.0728974123471
108,202,783,478,203,268,1647.0,374,333,5029.0,115.67627241573788,616.8468205316454
108,202,783,478,374,333,5029.0,474,384,2941.0,296.5080100098478,433.9423924900631
108,202,783,478,474,384,2941.0,570,422,2909.0,408.7542048713383,322.981423614424
108,202,783,478,570,422,2909.0,623,437,1656.0,511.7069473829723,220.238507078122
108,202,783,478,623,437,1656.0,670,449,1343.0,566.0830327787612,165.1696097955069
108,202,783,478,670,449,1343.0,693,457,719.0,613.8835394437613,116.66190466471906
108,202,783,478,693,457,719.0,700,460,206.0,638.1614215854794,92.41753080449618
108,202,783,478,700,460,206.0,703,461,45.0,645.7770513110543,84.92938243034621
108,202,783,478,703,461,45.0,718,466,455.0,648.9268063503002,81.78630692236935
108,202,783,478,718,466,455.0,747,473,853.0,664.6773653435176,66.09841147864296
108,202,783,478,747,473,853.0,772,477,758.0,694.090772161682,36.345563690772494
108,202,783,478,772,477,758.0,777,477,152.0,718.6939543366146,11.045361017187261
108,202,783,478,777,477,152.0,782,478,147.0,723.3159752141522,6.082762530298219
108,202,783,478,782,478,147.0,783,478,0.0,728.3213576437258,1.0
784,478,1182,744,786,479,5.0,808,490,667.0,2.23606797749979,476.48819502690725
784,478,1182,744,808,490,667.0,852,509,1333.0,26.832815729997478,452.0973346526166
784,478,1182,744,852,509,1333.0,994,572,4176.0,74.73285756613352,405.123437979093
784,478,1182,744,994,572,4176.0,1126,651,4000.0,230.07824755939012,254.80973293812778
784,478,1182,744,1126,651,4000.0,1232,746,3118.0,383.2662260100673,108.55873986004075
784,478,1182,744,1232,746,3118.0,1261,774,906.0,522.0421438926171,50.039984012787215
784,478,1182,744,1261,774,906.0,1266,778,74.0,561.3777694209132,84.50443775329198
784,478,1182,744,1266,778,74.0,1257,774,273.0,567.7358540730011,90.62008607367353
784,478,1182,744,1257,774,273.0,1247,766,294.0,557.9829746506608,80.77747210701756
784,478,1182,744,1247,766,294.0,1234,758,394.0,545.2641561665318,68.62215385719105
784,478,1182,744,1234,758,394.0,1209,749,735.0,530.0,53.85164807134504
784,478,1182,744,1209,749,735.0,1192,745,515.0,504.04960073389606,27.459060435491963
784,478,1182,744,1192,745,515.0,1183,744,265.0,487.59922067205974,10.04987562112089
784,478,1182,744,1183,744,265.0,1182,744,0.0,479.5383196367106,1.0
1182,744,751,748,1179,744,11.0,1132,744,1175.0,3.0,428.01869118065395
1182,744,751,748,1132,744,1175.0,1041,756,2600.0,50.0,381.02099679676445
1182,744,751,748,1041,756,2600.0,982,758,1844.0,141.50971698084905,290.1103238424996
1182,744,751,748,982,758,1844.0,934,760,1455.0,200.48940121612415,231.21634890292685
1182,744,751,748,934,760,1455.0,906,760,800.0,248.51559307214507,183.3930205869351
1182,744,751,748,906,760,800.0,902,760,125.0,276.4633791300396,155.46382215808282
1182,744,751,748,902,760,125.0,892,761,294.0,280.4567702873297,151.47607071745688
1182,744,751,748,892,761,294.0,879,761,382.0,290.49784852903815,141.59802258506295
1182,744,751,748,879,761,382.0,856,759,719.0,303.4765229799498,128.65846260545786
1182,744,751,748,856,759,719.0,832,757,706.0,326.3449095665505,105.57461816175325
1182,744,751,748,832,757,706.0,808,753,727.0,350.2413453605956,81.49846624323675
1182,744,751,748,808,753,727.0,784,750,727.0,374.1082730975085,57.21887800367987
1182,744,751,748,784,750,727.0,759,748,758.0,398.0452235613436,33.06055050963308
1182,744,751,748,759,748,758.0,751,748,0.0,423.01891210677564,8.0
571,702,722,340,571,702,0.0,571,701,10.0,0.0,392.23079940259663
571,702,722,340,571,701,10.0,572,700,27.0,1.0,391.3080627842979
571,702,722,340,572,700,27.0,572,698,63.0,2.23606797749979,390.0
571,702,722,340,572,698,63.0,572,696,57.0,4.123105625617661,388.1546083714581
571,702,722,340,572,696,57.0,572,695,33.0,6.082762530298219,386.3107557394694
571,702,722,340,572,695,33.0,573,694,19.0,7.0710678118654755,385.3894134508627
571,702,722,340,573,694,19.0,574,691,88.0,8.246211251235321,384.0794188706289
571,702,722,340,574,691,88.0,578,684,206.0,11.40175425099138,380.92650209718937
571,702,722,340,578,684,206.0,590,662,667.0,19.313207915827967,372.9235846658133
571,702,722,340,590,662,667.0,608,631,939.0,44.28317965096906,348.0057470789814
571,702,722,340,608,631,939.0,637,588,1303.0,80.06247560499239,312.5331982366033
571,702,722,340,637,588,1303.0,665,545,1265.0,131.7269904006009,262.16216355530787
571,702,722,340,665,545,1265.0,687,506,1182.0,182.98907071188705,212.77687844312408
571,702,722,340,687,506,1182.0,695,487,576.0,227.75425352778814,169.64963896218583
571,702,722,340,695,487,576.0,700,471,471.0,248.1954874690513,149.4590244849738
571,702,722,340,700,471,471.0,701,461,303.0,264.5789107241921,132.83448347473634
571,702,722,340,701,461,303.0,703,453,242.0,273.82658746002005,122.8087944733601
571,702,722,340,703,453,242.0,708,438,441.0,281.82441342083905,114.58621208504974
571,702,722,340,708,438,441.0,712,426,375.0,297.4306641891518,98.99494936611666
571,702,722,340,712,426,375.0,717,404,647.0,309.9306374013386,86.57944328765345
571,702,722,340,717,404,647.0,718,390,424.0,331.84333653096,64.19501538281614
571,702,722,340,718,390,424.0,718,377,382.0,344.89563638874876,50.15974481593781
571,702,722,340,718,377,382.0,719,358,559.0,356.6987524508601,37.21558813185679
571,702,722,340,719,358,559.0,720,347,333.0,374.4863148367374,18.24828759089466
571,702,722,340,720,347,333.0,722,341,167.0,385.0012986991083,7.280109889280518
571,702,722,340,722,341,167.0,722,340,0.0,391.3080627842979,1.0
722,340,1170,183,723,339,4.0,734,335,275.0,1.4142135623730951,473.4395420748039
722,340,1170,183,734,335,275.0,765,329,939.0,13.0,461.7358552246078
722,340,1170,183,765,329,939.0,822,319,1676.0,44.384682042344295,430.5124853009492
722,340,1170,183,822,319,1676.0,924,297,3091.0,102.18121158021175,373.6308338453881
722,340,1170,183,924,297,3091.0,1002,276,2294.0,206.52602741543257,271.1309646646801
722,340,1170,183,1002,276,2294.0,1058,258,1647.0,287.22116913625985,192.02343606966312
722,340,1170,183,1058,258,1647.0,1076,248,529.0,345.8612438536587,134.79243302203577
722,340,1170,183,1076,248,529.0,1085,239,281.0,365.75948381415895,114.28473213863697
722,340,1170,183,1085,239,281.0,1098,229,406.0,376.7890656587582,101.78899744078434
722,340,1170,183,1098,229,406.0,1122,218,706.0,392.0420895771269,85.44003745317531
722,340,1170,183,1122,218,706.0,1151,205,879.0,418.1913437650282,59.405386961116584
722,340,1170,183,1151,205,879.0,1168,193,500.0,449.73992484546,29.068883707497267
722,340,1170,183,1168,193,500.0,1171,185,242.0,469.6008943773425,10.198039027185569
722,340,1170,183,1171,185,242.0,1170,183,0.0,475.0010526304126,2.23606797749979
1170,183,444,355,1169,183,6.0,1164,186,135.0,1.0,745.1234796998415
1170,183,444,355,1164,186,135.0,1135,197,853.0,6.708203932499369,739.5681172143645
1170,183,444,355,1135,197,853.0,1036,227,3000.0,37.69615364994153,708.8335488674334
1170,183,444,355,1036,227,3000.0,912,262,3647.0,141.03900169811186,605.6797833839264
1170,183,444,355,912,262,3647.0,790,297,3697.0,269.82401672201087,477.1509195212768
1170,183,444,355,790,297,3697.0,689,327,3061.0,396.7316473386009,350.8275929855005
1170,183,444,355,689,327,3061.0,623,343,2000.0,502.09262093761146,246.59480935331953
1170,183,444,355,623,343,2000.0,550,351,2147.0,569.9201698483745,179.4017837146554
1170,183,444,355,550,351,2147.0,516,353,1030.0,642.3581555487561,106.07544484940895
1170,183,444,355,516,353,1030.0,496,354,588.0,675.7336753485059,72.02777242147643
1170,183,444,355,496,354,588.0,480,354,500.0,695.3538667469967,52.009614495783374
1170,183,444,355,480,354,500.0,470,355,294.0,710.8734064515285,36.013886210738214
1170,183,444,355,470,355,294.0,463,356,212.0,720.8217532788533,26.0
1170,183,444,355,463,356,212.0,454,356,273.0,727.8585027325023,19.026297590440446
1170,183,444,355,454,356,273.0,444,355,294.0,736.6036926326124,10.04987562112089
1170,183,444,355,444,355,294.0,444,355,0.0,746.096508502754,0.0
1104,740,789,759,1104,741,6.0,1067,745,1028.0,1.0,315.5138665732459
1104,740,789,759,1067,745,1028.0,1003,752,2000.0,37.33630940518894,278.3522947633089
1104,740,789,759,1003,752,2000.0,920,756,2441.0,101.71037311896953,214.11445537375565
1104,740,789,759,920,756,2441.0,834,760,2529.0,184.69434208984313,131.03434664239754
1104,740,789,759,834,760,2529.0,797,761,1156.0,270.7397274136177,45.0111097397076
1104,740,789,759,797,761,1156.0,789,759,92.0,307.7174028227848,8.246211251235321
1104,740,789,759,789,759,92.0,789,759,0.0,315.5724956329369,0.0
599,698,737,330,599,697,4.0,597,696,49.0,1.0,392.08800032645735
599,698,737,330,597,696,49.0,595,693,91.0,2.8284271247461903,391.86222068477076
599,698,737,330,595,693,91.0,594,686,206.0,6.4031242374328485,389.7858386344994
599,698,737,330,594,686,206.0,595,675,324.0,13.0,383.6469731406726
599,698,737,330,595,675,324.0,597,659,471.0,23.345235059857504,373.0804202849568
599,698,737,330,597,659,471.0,603,628,939.0,39.05124837953327,357.5485980954198
599,698,737,330,603,628,939.0,615,583,1364.0,70.11419257183242,326.7414880299103
599,698,737,330,615,583,1364.0,632,534,1485.0,116.1077086157504,280.87897749742683
599,698,737,330,632,534,1485.0,655,479,1667.0,167.28717822953436,229.43626565998673
599,698,737,330,655,479,1667.0,680,428,1500.0,226.04645540242387,170.07351351694948
599,698,737,330,680,428,1500.0,694,394,1030.0,281.88827574058485,113.37107214805724
599,698,737,330,694,394,1030.0,700,386,235.0,318.498037670564,77.10382610480494
599,698,737,330,700,386,235.0,701,385,21.0,327.9405433916337,67.11929677819934
599,698,737,330,701,385,21.0,702,385,22.0,329.20054677961883,65.73431371817918
599,698,737,330,702,385,22.0,709,376,220.0,329.51176003293114,65.19202405202648
599,698,737,330,709,376,220.0,721,361,469.0,340.2704806473815,53.85164807134504
599,698,737,330,721,361,469.0,733,341,588.0,358.4034040016919,34.88552708502482
599,698,737,330,733,341,588.0,737,331,278.0,381.3200755271088,11.704699910719626
599,698,737,330,737,331,278.0,737,330,0.0,392.08800032645735,1.0
1114,197,423,330,1087,211,121.0,1004,236,1804.0,30.4138126514911,674.5791280494824
1114,197,423,330,1004,236,1804.0,852,261,4606.0,116.70903992407786,588.5550101732208
1114,197,423,330,852,261,4606.0,678,298,5273.0,269.7035409482048,434.5135210784585
1114,197,423,330,678,298,5273.0,574,318,3152.0,447.54552841023894,257.0
1114,197,423,330,574,318,3152.0,500,328,2242.0,553.3904588985972,151.47607071745688
1114,197,423,330,500,328,2242.0,457,331,1303.0,627.8192415018832,77.02596964660685
1114,197,423,330,457,331,1303.0,446,332,324.0,670.5259129966566,34.0147027033899
1114,197,423,330,446,332,324.0,443,331,91.0,681.5049522930849,23.08679276123039
1114,197,423,330,443,331,91.0,438,331,147.0,684.249223602044,20.024984394500787
1114,197,423,330,438,331,147.0,430,330,235.0,689.1531034537971,15.033296378372908
1114,197,423,330,430,330,235.0,423,330,212.0,696.8105911939055,7.0
1114,197,423,330,423,330,212.0,423,330,0.0,703.6831673416666,0.0
423,330,83,190,422,330,5.0,412,327,323.0,1.0,366.77104574925215
423,330,83,190,412,327,323.0,384,319,824.0,11.40175425099138,356.384623686264
423,330,83,190,384,319,824.0,322,296,1824.0,40.52159917870962,327.47824355214806
423,330,83,190,322,296,1824.0,251,263,2219.0,106.56922632730333,261.45171638373307
423,330,83,190,251,263,2219.0,202,236,1441.0,184.58873205046942,183.17477992343814
423,330,83,190,202,236,1441.0,182,223,606.0,240.160363090998,127.58134659894448
423,330,83,190,182,223,606.0,163,211,559.0,263.68541863364385,104.35516278555652
423,330,83,190,163,211,559.0,140,205,719.0,285.9388046418324,82.71033792700887
423,330,83,190,140,205,719.0,108,198,941.0,309.37679292409763,58.9406481131655
423,330,83,190,108,198,941.0,85,191,697.0,341.5391632009424,26.248809496813376
423,330,83,190,85,191,697.0,83,190,59.0,365.4654566439898,2.23606797749979
423,330,83,190,83,190,59.0,83,190,0.0,367.6955262170047,0.0
818,474,1142,761,817,474,8.0,819,480,171.0,1.0,433.58274873431026
818,474,1142,761,819,480,171.0,835,504,727.0,6.082762530298219,428.12381386697
818,474,1142,761,835,504,727.0,862,543,1147.0,34.48187929913333,400.37232671602067
818,474,1142,761,862,543,1147.0,919,603,1765.0,81.83520025025906,354.8577179659476
818,474,1142,761,919,603,1765.0,979,654,1875.0,163.835283135227,273.30020124398004
818,474,1142,761,979,654,1875.0,1057,709,2229.0,241.49741199441456,194.982050455933
818,474,1142,761,1057,709,2229.0,1096,734,1258.0,335.18054836162554,99.64436762808022
818,474,1142,761,1096,734,1258.0,1127,752,912.0,380.63630935579437,53.33854141237835
818,474,1142,761,1127,752,912.0,1142,760,455.0,415.6500932274646,17.4928556845359
818,474,1142,761,1142,760,455.0,1142,761,16.0,432.1712623486203,1.0
818,474,1142,761,1142,761,16.0,1142,761,0.0,432.83368630456664,0.0
1142,761,761,768,1140,761,9.0,1111,761,725.0,2.0,379.0646382874562
1142,761,761,768,1111,761,725.0,1057,761,1588.0,31.0,350.06999300139967
1142,761,761,768,1057,761,1588.0,994,762,1853.0,85.0,296.08275870100914
1142,761,761,768,994,762,1853.0,916,764,2364.0,148.00337833982033,233.0772404161333
1142,761,761,768,916,764,2364.0,869,767,1424.0,226.01991062736045,155.05160431288675
1142,761,761,768,869,767,1424.0,824,768,1324.0,273.0659261057666,108.00462953040486
1142,761,761,768,824,768,1324.0,780,769,1333.0,318.0770346944274,63.0
1142,761,761,768,780,769,1333.0,763,769,531.0,362.08838699963854,19.026297590440446
1142,761,761,768,763,769,531.0,761,768,0.0,379.0844233149128,2.23606797749979
724,326,1188,186,723,327,5.0,717,332,182.0,1.4142135623730951,485.9073985853683
724,326,1188,186,717,332,182.0,715,334,10.0,9.219544457292887,493.1095213033307
724,326,1188,186,715,334,10.0,736,333,525.0,12.041594578792296,495.61376090661565
724,326,1188,186,736,333,525.0,768,327,970.0,13.892443989449804,475.3030612146318
724,326,1188,186,768,327,970.0,845,307,2265.0,44.01136216933077,443.0361159093015
724,326,1188,186,845,307,2265.0,972,266,3735.0,122.48265183282079,363.7169228947149
724,326,1188,186,972,266,3735.0,1082,231,3333.0,255.15485494107298,230.3388807822075
724,326,1188,186,1082,231,3333.0,1152,205,2121.0,370.3903346471125,115.15641536623133
724,326,1188,186,1152,205,2121.0,1183,190,939.0,444.7752241301217,40.70626487409524
724,326,1188,186,1183,190,939.0,1188,186,143.0,478.72434657117657,6.4031242374328485
724,326,1188,186,1188,186,143.0,1188,186,0.0,484.6607060614673,0.0
1188,186,454,336,1188,187,3.0,1162,197,553.0,1.0,748.970626927385
1188,186,454,336,1162,197,553.0,1067,219,2794.0,28.231188426986208,721.5157655935177
1188,186,454,336,1067,219,2794.0,939,247,3879.0,125.41929676090518,624.0657016693034
1188,186,454,336,939,247,3879.0,832,272,3147.0,256.3630238548453,493.09836746839875
1188,186,454,336,832,272,3147.0,633,309,6219.0,366.24035823486196,383.3797073398643
1188,186,454,336,633,309,6219.0,545,323,2588.0,568.4663578436282,181.02486017119307
1188,186,454,336,545,323,2588.0,474,331,2219.0,657.4328863085569,91.92388155425118
1188,186,454,336,474,331,2219.0,455,334,559.0,728.5746358472823,20.615528128088304
1188,186,454,336,455,334,559.0,455,335,11.0,747.7920834028668,2.23606797749979
1188,186,454,336,455,335,11.0,454,336,33.0,747.990641652688,1.4142135623730951
1188,186,454,336,454,336,33.0,454,336,0.0,749.1702076297482,0.0
152,196,792,499,152,197,6.0,157,202,119.0,1.0,707.6750666796167
152,196,792,499,157,202,119.0,178,220,636.0,7.810249675906654,701.0235374079817
152,196,792,499,178,220,636.0,237,262,1686.0,35.38361202590826,674.4160437000294
152,196,792,499,237,262,1686.0,329,321,2875.0,107.61505470890214,603.4848796780248
152,196,792,499,329,321,2875.0,430,384,3061.0,216.6887168266959,496.03729698481345
152,196,792,499,430,384,3061.0,533,441,3029.0,335.60095351473603,379.82759246795115
152,196,792,499,533,441,3029.0,610,471,2406.0,452.9746129751644,265.41476974727686
152,196,792,499,610,471,2406.0,684,492,2176.0,534.2181202467771,184.14125013152267
152,196,792,499,684,492,2176.0,721,498,1088.0,608.8021024930844,108.2266141020775
152,196,792,499,721,498,1088.0,748,500,794.0,644.1777704950707,71.00704190430693
152,196,792,499,748,500,794.0,758,500,313.0,669.0530621707071,44.01136216933077
152,196,792,499,758,500,313.0,767,501,257.0,677.9764007692303,34.0147027033899
152,196,792,499,767,501,257.0,781,501,424.0,686.476510887299,25.079872407968907
152,196,792,499,781,501,424.0,789,500,242.0,699.046493446609,11.180339887498949
152,196,792,499,789,500,242.0,792,499,0.0,705.8222155755655,3.1622776601683795
792,499,1121,738,792,500,5.0,804,517,378.0,1.0,406.06034034364893
792,499,1121,738,804,517,378.0,827,540,697.0,21.633307652783937,386.4324002979046
792,499,1121,738,827,540,697.0,867,575,1212.0,53.907327887774215,354.4573317058063
792,499,1121,738,867,575,1212.0,948,639,2382.0,106.77546534667971,301.80291582421796
792,499,1121,738,948,639,2382.0,1002,677,1636.0,209.60916010518244,199.32385707686876
792,499,1121,738,1002,677,1636.0,1082,729,2424.0,275.2889391167033,133.7235955244997
792,499,1121,738,1082,729,2424.0,1126,747,1333.0,370.1351104664349,40.024992192379
792,499,1121,738,1126,747,1333.0,1133,747,149.0,416.0048076645269,10.295630140987
792,499,1121,738,1133,747,149.0,1126,742,194.0,421.64558577079873,15.0
792,499,1121,738,1126,742,194.0,1123,740,91.0,413.0435812356851,6.4031242374328485
792,499,1121,738,1123,740,91.0,1121,738,59.0,409.4410824526528,2.8284271247461903
792,499,1121,738,1121,738,59.0,1121,738,0.0,406.6472672968552,0.0
1121,738,745,770,1120,739,5.0,1107,745,406.0,1.4142135623730951,376.27915169458964
1121,738,745,770,1107,745,406.0,1072,753,1094.0,15.652475842498529,362.86223281019477
1121,738,745,770,1072,753,1094.0,1021,762,1500.0,51.24451190127583,327.44159784608917
1121,738,745,770,1021,762,1500.0,926,770,2794.0,102.83968105745953,276.1159176867571
1121,738,745,770,926,770,2794.0,850,773,2375.0,197.60819821049935,181.0
1121,738,745,770,850,773,2375.0,783,773,1971.0,273.25080054777516,105.04284840006957
1121,738,745,770,783,773,1971.0,750,771,971.0,339.8072983324519,38.118237105091836
1121,738,745,770,750,771,971.0,745,770,156.0,372.46476343407306,5.0990195135927845
1121,738,745,770,745,770,156.0,745,770,0.0,377.35924528226417,0.0
738,352,1111,259,738,353,5.0,741,353,14.0,1.0,384.6621894597908
738,352,1111,259,741,353,14.0,769,345,718.0,3.1622776601683795,381.75384739384094
738,352,1111,259,769,345,718.0,783,337,412.0,31.78049716414141,352.6471324142591
738,352,1111,259,783,337,412.0,788,332,152.0,47.43416490252569,337.146852276571
738,352,1111,259,788,332,152.0,790,331,61.0,53.85164807134504,331.14649326242306
738,352,1111,259,790,331,61.0,807,327,500.0,56.08029957123981,328.97568299191965
738,352,1111,259,807,327,500.0,843,325,1091.0,73.38937252763509,311.5124395590006
738,352,1111,259,843,325,1091.0,929,316,2606.0,108.41586599755591,276.00724628168734
738,352,1111,259,929,316,2606.0,1014,306,2576.0,194.36306233438492,190.71706793048176
738,352,1111,259,1014,306,2576.0,1074,293,1765.0,279.8070763937181,107.78682665335315
738,352,1111,259,1074,293,1765.0,1100,279,788.0,341.1407334224396,50.24937810560445
738,352,1111,259,1100,279,788.0,1109,266,394.0,369.28715114393026,22.825424421026653
738,352,1111,259,1109,266,394.0,1109,263,88.0,380.8372355744643,7.280109889280518
738,352,1111,259,1109,263,88.0,1110,261,16.0,381.5258837877189,4.47213595499958
738,352,1111,259,1110,261,16.0,1111,259,59.0,382.968667125654,2.23606797749979
738,352,1111,259,1111,259,59.0,1111,259,0.0,384.419042192241,0.0
1111,259,458,333,1110,259,5.0,1107,261,71.0,1.0,656.1859492552397
1111,259,458,333,1107,261,71.0,1079,269,700.0,4.47213595499958,652.9816230185961
1111,259,458,333,1079,269,700.0,1023,273,1750.0,33.52610922848042,624.2891958059181
1111,259,458,333,1023,273,1750.0,886,277,4029.0,89.10667763978185,568.1769090697017
1111,259,458,333,886,277,4029.0,758,286,3879.0,225.71885167172013,431.6480047446067
1111,259,458,333,758,286,3879.0,638,301,3529.0,354.0310720826634,303.65934861288235
1111,259,458,333,638,301,3529.0,577,310,1848.0,474.861032303136,182.82231811242303
1111,259,458,333,577,310,1848.0,535,316,1273.0,536.4298649404226,121.2023102090055
1111,259,458,333,535,316,1273.0,524,320,333.0,578.8134414472421,78.85429601486528
1111,259,458,333,524,320,333.0,522,321,57.0,590.1609949835722,67.26812023536856
1111,259,458,333,522,321,57.0,519,323,94.0,592.2541684108268,65.11528238439882
1111,259,458,333,519,323,94.0,511,325,242.0,595.4494101097087,61.814237842102365
1111,259,458,333,511,325,242.0,485,327,765.0,603.619085185351,53.600373133029585
1111,259,458,333,485,327,765.0,467,330,545.0,629.6824596572466,27.65863337187866
1111,259,458,333,467,330,545.0,458,333,273.0,647.9019987621584,9.486832980505138
1111,259,458,333,458,333,273.0,458,333,0.0,657.1795797192727,0.0
458,333,117,205,457,333,4.0,431,332,667.0,1.0,363.29602254910526
458,333,117,205,431,332,667.0,360,316,2088.0,27.018512172212592,338.71079108879894
458,333,117,205,360,316,2088.0,276,289,2545.0,99.46356116689167,267.15164233071823
458,333,117,205,276,289,2545.0,208,256,2000.0,187.2431574183687,179.82491484774852
458,333,117,205,208,256,2000.0,172,229,1125.0,261.5893728728291,104.31682510506155
458,333,117,205,172,229,1125.0,171,226,86.0,304.32219767871027,60.00833275470999
458,333,117,205,171,226,86.0,170,224,63.0,306.2972412543084,57.9396237474839
458,333,117,205,170,224,63.0,169,223,29.0,307.9366818032564,56.302753041036986
458,333,117,205,169,223,29.0,154,217,455.0,309.2264542370203,55.02726596879042
458,333,117,205,154,217,455.0,129,209,735.0,325.37977810552394,38.897300677553446
458,333,117,205,129,209,735.0,117,205,375.0,351.5920931989228,12.649110640673518
458,333,117,205,117,205,375.0,117,205,0.0,364.2320688791694,0.0
841,479,1121,734,841,480,6.0,845,489,209.0,1.0,378.04232567266854
841,479,1121,734,845,489,209.0,855,514,735.0,10.770329614269007,369.0541965619684
841,479,1121,734,855,514,735.0,869,547,1000.0,37.69615364994153,345.18980286213554
841,479,1121,734,869,547,1000.0,905,592,1364.0,73.53910524340094,313.80407900471914
841,479,1121,734,905,592,1364.0,950,625,1324.0,129.86531484580476,258.49564793241683
841,479,1121,734,950,625,1324.0,1005,658,1618.0,182.20043907740728,202.7856010667424
841,479,1121,734,1005,658,1618.0,1048,681,1344.0,242.76943794472976,138.67948658687772
841,479,1121,734,1048,681,1344.0,1074,698,788.0,289.22828354087363,90.21086409075129
841,479,1121,734,1074,698,788.0,1088,707,412.0,319.7655391063896,59.20304046246274
841,479,1121,734,1088,707,412.0,1094,713,182.0,336.14431424612854,42.638011210655684
841,479,1121,734,1094,713,182.0,1095,715,59.0,344.62298240250897,34.20526275297414
841,479,1121,734,1095,715,59.0,1096,719,121.0,346.71602212761957,32.202484376209235
841,479,1121,734,1096,719,121.0,1110,729,424.0,350.1785258978626,29.154759474226502
841,479,1121,734,1110,729,424.0,1120,734,294.0,367.2342576612373,12.083045973594572
841,479,1121,734,1120,734,294.0,1121,734,0.0,377.9761897262842,1.0
567,692,707,339,566,691,15.0,565,688,88.0,1.4142135623730951,379.18992602652304
567,692,707,339,565,688,88.0,564,681,212.0,4.47213595499958,376.78243058826405
567,692,707,339,564,681,212.0,570,660,618.0,11.40175425099138,370.69259501640977
567,692,707,339,570,660,618.0,580,640,606.0,32.14031735997639,349.0128937446294
567,692,707,339,580,640,606.0,604,586,1588.0,53.600373133029585,326.6955769519998
567,692,707,339,604,586,1588.0,616,545,1242.0,112.27199116431488,267.6153956707274
567,692,707,339,616,545,1242.0,623,507,1118.0,154.95160534825058,225.20435164534453
567,692,707,339,623,507,1118.0,635,460,1469.0,193.28993765843063,187.82971010998233
567,692,707,339,635,460,1469.0,650,426,1000.0,241.76021178018522,140.80127840328723
567,692,707,339,650,426,1000.0,671,391,1061.0,278.6485241303101,104.0096149401583
567,692,707,339,671,391,1061.0,684,373,545.0,318.4603586005643,63.245553203367585
567,692,707,339,684,373,545.0,695,356,486.0,339.7793401606401,41.048751503547585
567,692,707,339,695,356,486.0,699,351,125.0,359.5552808679077,20.808652046684813
567,692,707,339,699,351,125.0,700,349,61.0,365.65694304908254,14.422205101855956
567,692,707,339,700,349,61.0,701,347,44.0,367.88313361718554,12.206555615733702
567,692,707,339,701,347,44.0,704,344,100.0,370.10944327320266,10.0
567,692,707,339,704,344,100.0,706,340,93.0,373.99598928330767,5.830951894845301
567,692,707,339,706,340,93.0,707,339,0.0,378.4507894033252,1.4142135623730951
707,339,1152,205,708,339,5.0,727,331,463.0,1.0,463.7801203156513
707,339,1152,205,727,331,463.0,771,313,1375.0,21.540659228538015,443.284333131682
707,339,1152,205,771,313,1375.0,846,287,2273.0,69.07966415668217,396.01136347332255
707,339,1152,205,846,287,2273.0,907,266,1794.0,148.4082207965583,316.79646462673793
707,339,1152,205,907,266,1794.0,993,242,2606.0,212.90608258102915,252.47970215445042
707,339,1152,205,993,242,2606.0,1041,232,1455.0,302.00165562460086,163.24827717314508
707,339,1152,205,1041,232,1455.0,1099,222,1657.0,350.7206865869192,114.23659658795863
707,339,1152,205,1099,222,1657.0,1127,215,875.0,409.0880100907383,55.65968020030299
707,339,1152,205,1127,215,875.0,1132,213,147.0,437.92236754931804,26.92582403567252
707,339,1152,205,1132,213,147.0,1133,212,20.0,443.284333131682,21.540659228538015
707,339,1152,205,1133,212,20.0,1139,210,176.0,444.52783939816413,20.248456731316587
707,339,1152,205,1139,210,176.0,1149,206,303.0,450.8491987350094,13.92838827718412
707,339,1152,205,1149,206,303.0,1152,205,0.0,461.5766458563518,3.1622776601683795
1152,205,455,348,1151,206,5.0,1117,217,773.0,1.4142135623730951,710.3379477403696
1152,205,455,348,1117,217,773.0,996,235,3667.0,37.0,674.8370173604883
1152,205,455,348,996,235,3667.0,815,259,5485.0,158.8584275384847,552.675311552814
1152,205,455,348,815,259,5485.0,637,295,5563.0,341.29898915760066,370.8382396679177
1152,205,455,348,637,295,5563.0,560,316,2265.0,522.8049349422785,189.5600168811978
1152,205,455,348,560,316,2265.0,532,326,824.0,602.3163620556892,109.7679370308106
1152,205,455,348,532,326,824.0,527,331,152.0,631.6969209993033,80.0812087820857
1152,205,455,348,527,331,152.0,516,337,344.0,637.5743093945991,73.97972695272672
1152,205,455,348,516,337,344.0,485,345,886.0,649.5536929307692,61.98386886924694
1152,205,455,348,485,345,886.0,462,347,719.0,681.5342984766064,30.14962686336267
1152,205,455,348,462,347,719.0,455,348,206.0,704.46007693836,7.0710678118654755
1152,205,455,348,455,348,206.0,455,348,0.0,711.5180953426272,0.0
455,348,117,197,454,348,4.0,442,343,364.0,1.0,369.2830892418444
455,348,117,197,442,343,364.0,396,327,1394.0,13.92838827718412,356.2878050116226
455,348,117,197,396,327,1394.0,326,304,2121.0,62.625873247404705,307.8002599089221
455,348,117,197,326,304,2121.0,242,276,2471.0,136.2974687952788,234.7977853387889
455,348,117,197,242,276,2471.0,187,252,1667.0,224.8399430706208,147.87156589419075
455,348,117,197,187,252,1667.0,164,235,676.0,284.67525357852935,89.02246907382428
455,348,117,197,164,235,676.0,163,232,91.0,312.1698255757593,60.440052945046304
455,348,117,197,163,232,91.0,164,230,49.0,314.1973901864877,57.8013840664737
455,348,117,197,164,230,49.0,164,229,24.0,314.0143308831621,57.42821606144492
455,348,117,197,164,229,24.0,161,224,147.0,314.391475711413,56.859475903318
455,348,117,197,161,224,147.0,152,214,303.0,319.0799272909532,51.62363799656123
455,348,117,197,152,214,303.0,135,203,500.0,331.30801378777426,38.91015291668744
455,348,117,197,135,203,500.0,121,198,424.0,351.31894341182345,18.973665961010276
455,348,117,197,121,198,424.0,117,197,121.0,366.1365865356807,4.123105625617661
455,348,117,197,117,197,121.0,117,197,0.0,370.19589408852175,0.0
117,197,841,481,117,198,5.0,118,201,81.0,1.0,777.3448398233567
117,197,841,481,118,201,81.0,133,215,484.0,4.123105625617661,775.3250931061112
117,197,841,481,133,215,484.0,169,247,1059.0,24.08318915758459,756.320038079119
117,197,841,481,169,247,1059.0,236,291,2030.0,72.13875518748573,711.5757162804251
117,197,841,481,236,291,2030.0,387,370,4441.0,151.64761785138597,634.1332667507675
117,197,841,481,387,370,4441.0,526,436,4212.0,320.6696119060863,467.37244249099666
117,197,841,481,526,436,4212.0,606,463,2500.0,473.7108822900314,318.1980515339464
117,197,841,481,606,463,2500.0,663,478,1676.0,556.6659680634339,235.68835355188853
117,197,841,481,663,478,1676.0,716,487,1606.0,614.0659573694018,178.02527910383964
117,197,841,481,716,487,1606.0,732,487,485.0,665.5080765851005,125.14391715141412
117,197,841,481,732,487,485.0,735,486,88.0,679.94485070482,109.16501271011697
117,197,841,481,735,486,88.0,744,483,265.0,682.2352966535813,106.1178590059185
117,197,841,481,744,483,265.0,777,481,1000.0,689.1480247377917,97.02061636580135
117,197,841,481,777,481,1000.0,811,481,1030.0,718.5095684818679,64.0
117,197,841,481,811,481,1030.0,836,481,758.0,749.8613205119998,30.0
117,197,841,481,836,481,758.0,841,481,0.0,773.0569189910922,5.0
1148,755,748,740,1141,757,31.0,1103,762,927.0,7.280109889280518,393.3675126392621
1148,755,748,740,1103,762,927.0,1044,764,1735.0,45.5411901469428,355.6810368855781
1148,755,748,740,1044,764,1735.0,969,760,2273.0,104.38869670610895,296.97137909232936
1148,755,748,740,969,760,2273.0,901,751,2061.0,179.06981878585793,221.90313201935658
1148,755,748,740,901,751,2061.0,854,748,1424.0,247.0323865407125,153.39491516996253
1148,755,748,740,854,748,1424.0,830,747,706.0,294.0833215264001,106.30145812734649
1148,755,748,740,830,747,706.0,821,746,265.0,318.10061301418455,82.29823813423954
1148,755,748,740,821,746,265.0,817,746,125.0,327.1238297648155,73.24616030891995
1148,755,748,740,817,746,125.0,806,744,314.0,331.1223338888514,69.26037828369117
1148,755,748,740,806,744,314.0,777,741,906.0,342.1768548572507,58.137767414994535
1148,755,748,740,777,741,906.0,750,740,818.0,371.2640569729313,29.017236257093817
1148,755,748,740,750,740,818.0,748,740,0.0,398.2825630127435,2.0
1124,193,456,350,1124,193,0.0,1103,201,457.0,0.0,686.201865342845
1124,193,456,350,1103,201,457.0,1028,220,2143.0,22.47220505424423,663.9352378056161
1124,193,456,350,1028,220,2143.0,919,244,3406.0,99.72462083156798,586.5867369792809
1124,193,456,350,919,244,3406.0,781,273,4059.0,211.24866863485792,474.97894690186007
1124,193,456,350,781,273,4059.0,664,299,3656.0,352.20590568586437,333.9970059746045
1124,193,456,350,664,299,3656.0,613,313,1500.0,472.05508153180597,214.1611542740653
1124,193,456,350,613,313,1500.0,567,325,1394.0,524.9009430359217,161.3009609394811
1124,193,456,350,567,325,1394.0,543,331,727.0,572.4272879589163,113.78049041905207
1124,193,456,350,543,331,727.0,525,336,529.0,597.1641315417395,89.05054744357274
1124,193,456,350,525,336,529.0,503,341,595.0,615.8327695080865,70.40596565632774
1124,193,456,350,503,341,595.0,493,345,85.0,638.3925124874195,47.853944456021594
1124,193,456,350,493,345,85.0,456,350,804.0,649.0493047527283,37.33630940518894
1124,193,456,350,456,350,804.0,456,350,0.0,686.201865342845,0.0
456,350,104,185,455,350,6.0,440,345,375.0,1.0,387.8479083352133
456,350,104,185,440,345,375.0,389,331,1500.0,16.76305461424021,372.15050718761626
456,350,104,185,389,331,1500.0,338,312,1545.0,69.6419413859206,320.22023671217283
456,350,104,185,338,312,1545.0,270,278,2000.0,123.96773773849388,266.2423707827137
456,350,104,185,270,278,2000.0,225,253,1406.0,199.44924166313595,190.2761151589973
456,350,104,185,225,253,1406.0,198,235,818.0,250.53941805632104,138.7984149765407
456,350,104,185,198,235,818.0,179,222,576.0,282.4694673765644,106.47065323364932
456,350,104,185,179,222,576.0,170,213,265.0,305.14422819381656,83.6301381082203
456,350,104,185,170,213,265.0,159,207,333.0,317.11985116040904,71.69379331573968
456,350,104,185,159,207,333.0,142,199,515.0,329.6331294029773,59.23681287847955
456,350,104,185,142,199,515.0,123,191,559.0,348.4207226902556,40.496913462633174
456,350,104,185,123,191,559.0,110,187,394.0,369.0121949204389,19.924858845171276
456,350,104,185,110,187,394.0,104,185,176.0,382.47222121351507,6.324555320336759
456,350,104,185,104,185,176.0,104,185,0.0,388.75313503559045,0.0
104,185,834,508,104,186,6.0,109,194,186.0,1.0,797.86214348094
104,185,834,508,109,194,186.0,152,230,1265.0,10.295630140987,790.0765785669133
104,185,834,508,152,230,1265.0,244,285,2706.0,65.79513659838392,736.4835368153181
104,185,834,508,244,285,2706.0,439,389,5909.0,172.04650534085255,630.7368706520969
104,185,834,508,439,389,5909.0,589,461,4412.0,392.2257003308172,412.53605902999556
104,185,834,508,589,461,4412.0,690,497,3061.0,558.0331531369799,249.46743274423616
104,185,834,508,690,497,3061.0,745,512,1667.0,663.8825197277,144.4195277654653
104,185,834,508,745,512,1667.0,777,516,970.0,719.5901611334051,89.08984229416954
104,185,834,508,777,516,970.0,778,515,15.0,749.9933333037035,57.55866572463264
104,185,834,508,778,515,15.0,785,514,212.0,750.4505313476699,56.43580423808985
104,185,834,508,785,514,212.0,803,513,545.0,756.3081382611191,49.36598018878993
104,185,834,508,803,513,545.0,830,510,844.0,772.1301703728459,31.400636936215164
104,185,834,508,830,510,844.0,834,509,114.0,795.4250436087614,4.47213595499958
104,185,834,508,834,509,114.0,834,508,0.0,798.6713967583914,1.0
834,508,1141,783,834,509,5.0,839,526,378.0,1.0,411.4911906711977
834,508,1141,783,839,526,378.0,856,554,848.0,18.681541692269406,396.5513838079499
834,508,1141,783,856,554,848.0,905,609,1667.0,50.99019513592785,365.60361048545457
834,508,1141,783,905,609,1667.0,962,657,1727.0,123.45849504995596,293.20982248212624
834,508,1141,783,962,657,1727.0,1038,723,2235.0,196.4306493396588,218.89952032839176
834,508,1141,783,1038,723,2235.0,1078,753,1176.0,296.37982387470305,119.20151005754919
834,508,1141,783,1078,753,1176.0,1115,775,1121.0,345.77593901253454,69.77822009767804
834,508,1141,783,1115,775,1121.0,1141,785,788.0,387.62094886628614,27.202941017470888
834,508,1141,783,1141,785,788.0,1142,784,23.0,413.4948609112331,2.0
834,508,1141,783,1142,784,23.0,1141,783,26.0,413.5698248180106,1.4142135623730951
834,508,1141,783,1141,783,26.0,1141,783,0.0,412.15773679502854,0.0
1141,783,779,758,1140,783,5.0,1121,784,633.0,1.0,361.86461556775623
1141,783,779,758,1121,784,633.0,1076,784,1324.0,20.024984394500787,342.98688021555574
1141,783,779,758,1076,784,1324.0,965,774,3364.0,65.00769185258002,298.1358750637031
1141,783,779,758,965,774,3364.0,881,770,2471.0,176.22996340009834,186.68690366493306
1141,783,779,758,881,770,2471.0,818,765,1909.0,260.3247971285102,102.70345661174214
1141,783,779,758,818,765,1909.0,793,761,735.0,323.5011591942137,39.6232255123179
1141,783,779,758,793,761,735.0,781,758,375.0,348.69470887869807,14.317821063276353
1141,783,779,758,781,758,375.0,779,758,59.0,360.86701151532264,2.0
1141,783,779,758,779,758,59.0,779,758,0.0,362.86223281019477,0.0
754,339,1112,206,754,339,0.0,754,338,25.0,0.0,381.90705675595996
754,339,1112,206,754,338,25.0,763,331,257.0,1.0,381.55995597022496
754,339,1112,206,763,331,257.0,796,314,1031.0,12.041594578792296,370.7101293463668
754,339,1112,206,796,314,1031.0,875,286,2257.0,48.877397639399746,333.94610343586885
754,339,1112,206,875,286,2257.0,941,265,2129.0,132.09844813622905,250.13796193301008
754,339,1112,206,941,265,2129.0,1029,237,2514.0,201.10942295178512,180.89223311131963
754,339,1112,206,1029,237,2514.0,1089,216,1875.0,293.307006394324,88.60022573334675
754,339,1112,206,1089,216,1875.0,1111,207,629.0,356.8669219751251,25.079872407968907
754,339,1112,206,1111,207,629.0,1112,206,0.0,380.6218595929561,1.4142135623730951
1112,206,379,353,1112,207,3.0,1112,208,27.0,1.0,747.3988225840337
1112,206,379,353,1112,208,27.0,1109,210,88.0,2.0,747.2041220443045
1112,206,379,353,1109,210,88.0,1089,220,588.0,5.0,743.87431734131
1112,206,379,353,1089,220,588.0,1042,237,1382.0,26.92582403567252,722.3496383331275
1112,206,379,353,1042,237,1382.0,937,265,3281.0,76.55716818169282,673.0713186579859
1112,206,379,353,937,265,3281.0,751,295,5471.0,184.67809832245945,564.8964506880885
1112,206,379,353,751,295,5471.0,574,323,5364.0,371.80909079795236,376.4943558673888
1112,206,379,353,574,323,5364.0,446,342,3879.0,550.5751538164432,197.29419656948858
1112,206,379,353,446,342,3879.0,396,350,1515.0,679.744069484979,67.89698078707183
1112,206,379,353,396,350,1515.0,379,353,486.0,730.3369085565921,17.26267650163207
1112,206,379,353,379,353,486.0,379,353,0.0,747.5948100408402,0.0
379,353,104,240,376,352,7.0,349,342,692.0,3.1622776601683795,294.15642097360376
379,353,104,240,349,342,692.0,300,323,1485.0,31.953090617340916,265.3846265328872
379,353,104,240,300,323,1485.0,213,293,2559.0,84.50443775329198,212.8497122384712
379,353,104,240,213,293,2559.0,171,279,1273.0,176.5106229097841,121.2023102090055
379,353,104,240,171,279,1273.0,114,251,1727.0,220.77137495608437,77.52418977325722
379,353,104,240,114,251,1727.0,104,243,303.0,283.95246080990387,14.866068747318506
379,353,104,240,104,243,303.0,105,242,24.0,296.1840643923977,3.0
379,353,104,240,105,242,24.0,105,240,34.0,295.62983611266304,2.23606797749979
379,353,104,240,105,240,34.0,104,240,0.0,296.3865718955567,1.0
104,240,764,496,105,240,5.0,109,247,163.0,1.0,706.9773688032736
104,240,764,496,109,247,163.0,130,270,697.0,8.602325267042627,700.7324739156877
104,240,764,496,130,270,697.0,184,311,1588.0,39.698866482558415,673.0765186811972
104,240,764,496,184,311,1588.0,270,359,2606.0,106.96261028976434,608.789783094296
104,240,764,496,270,359,2606.0,401,420,3853.0,204.2473990042468,512.6451014103227
104,240,764,496,401,420,3853.0,528,470,4097.0,347.28806486834526,370.87059737865445
104,240,764,496,528,470,4097.0,602,496,2114.0,482.36500702269024,237.42788378789885
104,240,764,496,602,496,2114.0,642,505,1250.0,559.9464260087746,162.0
104,240,764,496,642,505,1250.0,648,506,176.0,599.7241032341454,122.3315167894194
104,240,764,496,648,506,176.0,650,505,61.0,605.5509887697319,116.43023662262307
104,240,764,496,650,505,61.0,651,504,30.0,606.9110313711558,114.35471131527551
104,240,764,496,651,504,30.0,654,502,86.0,607.3755016462221,113.28283188550682
104,240,764,496,654,502,86.0,670,500,500.0,609.2158894841795,110.16351483136329
104,240,764,496,670,500,500.0,703,499,1000.0,622.8611402230838,94.08506789071261
104,240,764,496,703,499,1000.0,750,497,1343.0,652.5963530391508,61.07372593840988
104,240,764,496,750,497,1343.0,764,496,424.0,695.244561287609,14.035668847618199
104,240,764,496,764,496,424.0,764,496,0.0,707.9095987483148,0.0
765,496,1133,761,765,497,4.0,778,514,386.0,1.0,452.90175535098115
765,496,1133,761,778,514,386.0,813,548,1061.0,22.20360331117452,432.4742766916895
765,496,1133,761,813,548,1061.0,856,582,1303.0,70.76722405181653,384.4073360382187
765,496,1133,761,856,582,1303.0,936,641,2353.0,125.2078272313676,329.802971484491
765,496,1133,761,936,641,2353.0,998,688,1879.0,224.2008028531566,230.6707610426601
765,496,1133,761,998,688,1879.0,1041,719,1265.0,301.9155511065967,153.47312468311839
765,496,1133,761,1041,719,1265.0,1076,742,1061.0,354.8309456628607,101.13357503816425
765,496,1133,761,1076,742,1061.0,1097,752,636.0,396.531209364408,60.08327554319921
765,496,1133,761,1097,752,636.0,1118,758,618.0,419.23740291152455,37.107950630558946
765,496,1133,761,1118,758,618.0,1132,761,424.0,439.6055049700811,15.297058540778355
765,496,1133,761,1132,761,424.0,1133,761,0.0,452.6742758319717,1.0
581,742,723,335,580,741,5.0,579,739,59.0,1.4142135623730951,430.4474416232486
581,742,723,335,579,739,59.0,574,732,212.0,3.605551275463989,428.896257852642
581,742,723,335,574,732,212.0,571,710,647.0,12.206555615733702,424.04009244409895
581,742,723,335,571,710,647.0,570,687,676.0,33.52610922848042,404.63440288734716
581,742,723,335,570,687,676.0,572,652,1094.0,56.089214649520635,383.8137569186389
581,742,723,335,572,652,1094.0,580,607,1324.0,90.44888059008801,351.1267577385694
581,742,723,335,580,607,1324.0,593,566,1206.0,135.00370365289984,307.2995281480269
581,742,723,335,593,566,1206.0,614,521,1364.0,176.40861656959956,265.06791582535976
581,742,723,335,614,521,1364.0,627,492,906.0,223.45021816950637,215.58524995926786
581,742,723,335,627,492,906.0,645,458,971.0,254.19677417308034,184.0244548966251
581,742,723,335,645,458,971.0,664,424,1063.0,291.1219675668602,145.64683312726027
581,742,723,335,664,424,1063.0,684,394,882.0,328.65331277807013,106.78014796768171
581,742,723,335,684,394,882.0,699,370,727.0,362.922856816707,70.7248188403477
581,742,723,335,699,370,727.0,709,353,515.0,390.26657556085945,42.43819034784589
581,742,723,335,709,353,515.0,714,346,184.0,409.5180093719933,22.80350850198276
581,742,723,335,714,346,184.0,715,343,65.0,417.7379561399706,14.212670403551895
581,742,723,335,715,343,65.0,717,342,56.0,420.9002257067582,11.313708498984761
581,742,723,335,717,342,56.0,720,339,91.0,422.4878696483486,9.219544457292887
581,742,723,335,720,339,91.0,723,336,45.0,426.2980178232125,5.0
581,742,723,335,723,336,45.0,723,335,17.0,430.11626335213134,1.0
581,742,723,335,723,335,17.0,723,335,0.0,431.06032060490094,0.0
723,335,1173,190,725,334,5.0,816,306,2167.0,2.23606797749979,470.57411743528775
723,335,1173,190,816,306,2167.0,883,284,2030.0,97.41663102366043,375.37314768107746
723,335,1173,190,883,284,2030.0,975,249,2629.0,167.93153366774212,304.85406344675806
723,335,1173,190,975,249,2629.0,1065,220,2813.0,266.27053911388697,206.60348496576722
723,335,1173,190,1065,220,2813.0,1137,198,2118.0,360.8171281965422,112.08925015361643
723,335,1173,190,1137,198,2118.0,1168,191,939.0,436.07912126126837,36.87817782917155
723,335,1173,190,1168,191,939.0,1173,190,147.0,467.7189326935569,5.0990195135927845
723,335,1173,190,1173,190,147.0,1173,190,0.0,472.78430600010404,0.0
1173,190,469,342,1173,191,3.0,1158,197,366.0,1.0,720.0118054587716
1173,190,469,342,1158,197,366.0,1092,221,2000.0,16.55294535724685,704.0923234917421
1173,190,469,342,1092,221,2000.0,963,255,3794.0,86.7294644281861,634.641631158877
1173,190,469,342,963,255,3794.0,763,295,6250.0,219.82947936980608,501.6024322110091
1173,190,469,342,763,295,6250.0,613,317,4412.0,423.2316150761897,297.73310195542587
1173,190,469,342,613,317,4412.0,525,329,2667.0,574.2203409841904,146.15402833996743
1173,190,469,342,525,329,2667.0,507,331,545.0,662.7405223765935,57.48912940721924
1173,190,469,342,507,331,545.0,507,332,18.0,680.7620729741045,39.56008088970496
1173,190,469,342,507,332,18.0,505,335,68.0,680.969896544627,39.293765408777
1173,190,469,342,505,335,68.0,502,338,91.0,683.5561425369535,36.6742416417845
1173,190,469,342,502,338,91.0,500,339,61.0,687.1280812192149,33.24154027718932
1173,190,469,342,500,339,61.0,492,340,242.0,689.2967430649879,31.144823004794873
1173,190,469,342,492,340,242.0,479,341,382.0,697.324171386594,23.08679276123039
1173,190,469,342,479,341,382.0,469,342,303.0,710.2372842930735,10.04987562112089
1173,190,469,342,469,342,303.0,469,342,0.0,720.2221879392498,0.0
469,342,114,210,468,342,4.0,456,341,400.0,1.0,377.809475794348
469,342,114,210,456,341,400.0,423,331,1000.0,13.038404810405298,366.23080154459973
469,342,114,210,423,331,1000.0,367,309,1697.0,47.29693436154187,331.8463499874603
469,342,114,210,367,309,1697.0,243,260,3758.0,107.20541031123382,271.6799587750263
469,342,114,210,243,260,3758.0,184,240,1788.0,240.41630560342617,138.351002887583
469,342,114,210,184,240,1788.0,144,226,1176.0,302.70282456561256,76.15773105863909
469,342,114,210,144,226,1176.0,117,213,818.0,345.0811498763733,34.0
469,342,114,210,117,213,818.0,115,211,59.0,374.8933181586463,4.242640687119285
469,342,114,210,115,211,59.0,114,210,13.0,377.4612562899668,1.4142135623730951
469,342,114,210,114,210,13.0,114,210,0.0,378.74661714660897,0.0
114,210,850,526,114,212,8.0,115,215,83.0,2.0,800.1824791883412
114,210,850,526,115,215,83.0,116,217,63.0,5.0990195135927845,798.0889674716723
114,210,850,526,116,217,63.0,121,222,152.0,7.280109889280518,796.3899798465574
114,210,850,526,121,222,152.0,149,242,875.0,13.892443989449804,789.8461875580587
114,210,850,526,149,242,875.0,195,274,1314.0,47.4236228055175,756.3444982281553
114,210,850,526,195,274,1314.0,299,339,3250.0,103.23274674249446,701.8041037212593
114,210,850,526,299,339,3250.0,410,396,3364.0,225.53491969094276,581.8676825533448
114,210,850,526,410,396,3364.0,539,456,3794.0,349.5883293246501,458.8027898781785
114,210,850,526,539,456,3794.0,632,499,2818.0,491.06109599519283,318.7804887379402
114,210,850,526,632,499,2818.0,687,525,1667.0,593.1652383611164,219.66565503054863
114,210,850,526,687,525,1667.0,736,551,1441.0,653.8761350592328,163.00306745579974
114,210,850,526,736,551,1441.0,760,559,727.0,709.3412436902285,116.70903992407786
114,210,850,526,760,559,727.0,784,559,706.0,734.2458716261195,95.85927185202274
114,210,850,526,784,559,706.0,816,554,970.0,755.447549469849,73.79024325749306
114,210,850,526,816,554,970.0,843,549,818.0,781.754437147625,44.04543109109048
114,210,850,526,843,549,818.0,855,543,364.0,803.9664172090772,24.041630560342615
114,210,850,526,855,543,364.0,855,540,88.0,812.3853765301293,17.72004514666935
114,210,850,526,855,540,88.0,853,536,121.0,811.1602800926584,14.866068747318506
114,210,850,526,853,536,121.0,851,531,147.0,807.7109631545185,10.44030650891055
114,210,850,526,851,531,147.0,850,527,121.0,803.8718803391496,5.0990195135927845
114,210,850,526,850,527,121.0,850,526,0.0,801.3644614031746,1.0
850,526,1154,795,850,527,5.0,851,528,22.0,1.0,405.2653451752321
850,526,1154,795,851,528,22.0,855,534,158.0,2.23606797749979,403.8539339909914
850,526,1154,795,855,534,158.0,869,554,571.0,9.433981132056603,396.8904130865345
850,526,1154,795,869,554,571.0,905,595,1242.0,33.83784863137726,373.2371900012109
850,526,1154,795,905,595,1242.0,954,643,1531.0,88.23831367382311,319.37595401031683
850,526,1154,795,954,643,1531.0,1039,713,2429.0,156.54072952429985,251.20509548972132
850,526,1154,795,1039,713,2429.0,1124,767,2656.0,265.8759109058209,141.24092891226678
850,526,1154,795,1124,767,2656.0,1187,800,1909.0,364.90683742566404,41.036569057366385
850,526,1154,795,1187,800,1909.0,1237,826,1429.0,434.3328216932264,33.37663853655727
850,526,1154,795,1237,826,1429.0,1243,829,182.0,489.6621284110095,88.60022573334675
850,526,1154,795,1243,829,182.0,1241,828,67.0,496.2438916500635,95.2732911156112
850,526,1154,795,1241,828,67.0,1236,826,135.0,494.0495926523976,93.04837451562494
850,526,1154,795,1236,826,135.0,1230,824,182.0,488.87217143134666,87.66413177577246
850,526,1154,795,1230,824,182.0,1223,823,219.0,482.9120002650586,81.34494452638098
850,526,1154,795,1223,823,219.0,1209,818,412.0,476.7997483220812,74.46475676452586
850,526,1154,795,1209,818,412.0,1179,807,882.0,462.7580361268727,59.61543424315552
850,526,1154,795,1179,807,882.0,1157,799,667.0,432.66846430032314,27.730849247724095
850,526,1154,795,1157,799,667.0,1154,796,88.0,410.8259972299708,5.0
850,526,1154,795,1154,796,88.0,1154,795,0.0,406.5907032877166,1.0
1154,795,814,789,1154,796,4.0,1130,802,522.0,1.0,340.07205118915607
1154,795,814,789,1130,802,522.0,1084,809,1394.0,25.0,316.26729201736936
1154,795,814,789,1084,809,1394.0,1011,814,2147.0,71.386273190299,270.7397274136177
1154,795,814,789,1011,814,2147.0,962,815,1441.0,144.25671561490648,198.57995870681412
1154,795,814,789,962,815,1441.0,913,811,1531.0,193.03885619221847,150.2664300500947
1154,795,814,789,913,811,1531.0,866,804,1424.0,241.53053637169774,101.41498903022176
1154,795,814,789,866,804,1424.0,849,800,500.0,288.1405906844782,54.120236510939236
1154,795,814,789,849,800,500.0,848,799,29.0,305.04098085339285,36.68787265568828
1154,795,814,789,848,799,29.0,848,798,20.0,306.0261426741186,35.4400902933387
1154,795,814,789,848,798,20.0,845,797,88.0,306.01470552899906,35.17101079013795
1154,795,814,789,845,797,88.0,838,794,219.0,309.00647242412253,32.01562118716424
1154,795,814,789,838,794,219.0,827,792,324.0,316.00158227451965,24.515301344262525
1154,795,814,789,827,792,324.0,821,790,182.0,327.0137611783333,13.341664064126334
1154,795,814,789,821,790,182.0,815,789,176.0,333.0375354220602,7.0710678118654755
1154,795,814,789,815,789,176.0,814,789,0.0,339.05309318748294,1.0
1181,212,456,339,1181,213,5.0,1180,214,27.0,1.0,735.867515249858
1181,212,456,339,1180,214,27.0,1175,221,156.0,2.23606797749979,734.7115080084155
1181,212,456,339,1175,221,156.0,1159,231,471.0,10.816653826391969,728.6185558987638
1181,212,456,339,1159,231,471.0,1123,246,1125.0,29.068883707497267,711.2474956019178
1181,212,456,339,1123,246,1125.0,1000,278,1984.0,67.23094525588644,673.4522997213685
1181,212,456,339,1000,278,1984.0,739,310,3838.0,192.6577275896298,547.4093532266324
1181,212,456,339,739,310,3838.0,641,317,2579.0,452.7339174393719,284.48198536990003
1181,212,456,339,641,317,2579.0,587,319,1588.0,550.1136246267674,186.30351580150065
1181,212,456,339,587,319,1588.0,548,320,1182.0,603.5602703955919,132.51792331605563
1181,212,456,339,548,320,1182.0,522,322,813.0,642.1471793911423,93.94147114027967
1181,212,456,339,522,322,813.0,519,324,60.0,668.117504635225,68.15423684555495
1181,212,456,339,519,324,60.0,515,328,118.0,671.4074768722791,64.76109943476871
1181,212,456,339,515,328,118.0,500,335,441.0,676.0266266945408,60.01666435249463
1181,212,456,339,500,335,441.0,488,337,375.0,692.0187858721756,44.181444068749045
1181,212,456,339,488,337,375.0,477,338,324.0,704.1832147956951,32.0624390837628
1181,212,456,339,477,338,324.0,466,338,333.0,715.1866889141604,21.02379604162864
1181,212,456,339,466,338,333.0,457,339,273.0,726.0172174266944,10.04987562112089
1181,212,456,339,457,339,273.0,456,339,0.0,735.0544197540751,1.0
456,339,108,201,455,339,4.0,451,338,121.0,1.0,373.43406379172217
456,339,108,201,451,338,121.0,435,334,485.0,5.0990195135927845,369.3480743147309
456,339,108,201,435,334,485.0,386,326,1485.0,21.587033144922902,353.01274764518064
456,339,108,201,386,326,1485.0,320,307,1941.0,71.19691004531025,304.809776746088
456,339,108,201,320,307,1941.0,248,276,2182.0,139.71399357258383,237.0232056149777
456,339,108,201,248,276,2182.0,207,252,1242.0,217.33154395991392,158.8238017426859
456,339,108,201,207,252,1242.0,183,233,706.0,263.7612556839992,111.36426715962351
456,339,108,201,183,233,706.0,176,226,212.0,292.85662020859286,81.54140052758476
456,339,108,201,176,226,212.0,173,223,91.0,301.9420474196994,72.44998274671983
456,339,108,201,173,223,91.0,157,216,471.0,305.8512710452582,68.62215385719105
456,339,108,201,157,216,471.0,139,211,545.0,323.31099579197735,51.24451190127583
456,339,108,201,139,211,545.0,117,205,647.0,341.8669331772232,32.57299494980466
456,339,108,201,117,205,647.0,109,202,242.0,364.5229759562489,9.848857801796104
456,339,108,201,109,202,242.0,108,201,0.0,373.06567786383135,1.4142135623730951
827,474,1162,795,827,475,5.0,827,478,81.0,1.0,463.2763753959401
827,474,1162,795,827,478,81.0,829,493,405.0,4.0,461.2092800454041
827,474,1162,795,829,493,405.0,877,570,1750.0,19.1049731745428,449.5475503214315
827,474,1162,795,877,570,1750.0,930,628,1758.0,108.24047302187847,363.1115531073061
827,474,1162,795,930,628,1758.0,984,674,1588.0,185.27007313648906,285.8548582760139
827,474,1162,795,984,674,1588.0,1062,732,2364.0,254.26167623139747,215.23243250030885
827,474,1162,795,1062,732,2364.0,1119,772,1727.0,348.98280759945754,118.1905241548577
827,474,1162,795,1119,772,1727.0,1159,803,1176.0,417.21457309159274,48.76474136094644
827,474,1162,795,1159,803,1176.0,1166,808,212.0,467.4023962283463,8.54400374531753
827,474,1162,795,1166,808,212.0,1166,808,0.0,475.8959970413704,13.601470508735444
827,474,1162,795,1166,808,0.0,1164,807,61.0,475.8959970413704,13.601470508735444
827,474,1162,795,1164,807,61.0,1163,804,88.0,473.7699863857988,12.165525060596439
827,474,1162,795,1163,804,88.0,1162,802,61.0,470.95222687656974,9.055385138137417
827,474,1162,795,1162,802,61.0,1162,801,9.0,468.83792508712435,7.0
827,474,1162,795,1162,801,9.0,1162,795,0.0,468.13886828589654,6.0
1162,795,779,788,1162,796,4.0,1160,797,30.0,1.0,383.08354180256816
1162,795,779,788,1160,797,30.0,1144,801,400.0,2.8284271247461903,381.1062843879644
1162,795,779,788,1144,801,400.0,1116,805,848.0,18.973665961010276,365.23143347745963
1162,795,779,788,1116,805,848.0,1063,808,1559.0,47.07440918375928,337.4285109471338
1162,795,779,788,1063,808,1559.0,987,810,2303.0,99.84988733093293,284.70335438838794
1162,795,779,788,987,810,2303.0,882,810,3088.0,175.64168070250295,209.16022566444127
1162,795,779,788,882,810,3088.0,830,808,1576.0,280.40149785619906,105.32331175955302
1162,795,779,788,830,808,1576.0,820,806,105.0,332.2544205875973,54.78138369920935
1162,795,779,788,820,806,105.0,819,806,14.0,342.1768548572507,44.77722635447622
1162,795,779,788,819,806,14.0,819,805,17.0,343.17633951075356,43.86342439892262
1162,795,779,788,819,805,17.0,817,804,44.0,343.14574163174456,43.46262762420146
1162,795,779,788,817,804,44.0,809,801,186.0,345.11737133908514,41.23105625617661
1162,795,779,788,809,801,186.0,791,794,529.0,353.0509878190401,32.69556544854363
1162,795,779,788,791,794,529.0,780,790,333.0,371.001347706447,13.416407864998739
1162,795,779,788,780,790,333.0,779,788,61.0,382.03272111168695,2.23606797749979
1162,795,779,788,779,788,61.0,779,788,0.0,383.06396332727513,0.0
1158,771,819,732,1158,772,3.0,1157,773,24.0,1.0,341.35172476494097
1158,771,819,732,1157,773,24.0,1152,775,152.0,2.23606797749979,340.4776057246644
1158,771,819,732,1152,775,152.0,1138,778,412.0,7.211102550927978,335.76479863142293
1158,771,819,732,1138,778,412.0,1096,781,1235.0,21.18962010041709,322.29955010828047
1158,771,819,732,1096,781,1235.0,1039,783,1727.0,62.80127387243033,281.30055101261354
1158,771,819,732,1039,783,1727.0,954,777,2742.0,119.60351165413162,225.83400983908513
1158,771,819,732,954,777,2742.0,882,763,2182.0,204.08821622033938,142.30249470757707
1158,771,819,732,882,763,2182.0,836,744,1278.0,276.1159176867571,70.21395872616783
1158,771,819,732,836,744,1278.0,821,734,484.0,323.130004796831,20.808652046684813
1158,771,819,732,821,734,484.0,819,732,0.0,339.0250728191058,2.8284271247461903
657,698,1169,172,657,696,26.0,656,687,231.0,2.0,732.6117662172783
657,698,1169,172,656,687,231.0,659,672,469.0,11.045361017187261,726.9071467525958
657,698,1169,172,659,672,469.0,678,634,1086.0,26.076809620810597,714.2128534267638
657,698,1169,172,678,634,1086.0,704,597,1121.0,67.35725647619564,674.184692795676
657,698,1169,172,704,597,1121.0,733,558,1182.0,111.40017953306898,629.9603162104737
657,698,1169,172,733,558,1182.0,751,531,818.0,159.29846201391902,582.3160653803053
657,698,1169,172,751,531,818.0,782,486,1324.0,191.637678967368,551.0036297521098
657,698,1169,172,782,486,1324.0,807,452,1063.0,246.10770000144245,498.3623179976592
657,698,1169,172,807,452,1063.0,830,416,1059.0,288.12497288503124,457.65052168658127
657,698,1169,172,830,416,1059.0,847,366,1471.0,330.83681778181824,417.68049990393376
657,698,1169,172,847,366,1471.0,843,339,844.0,382.5232019106815,375.9255245391034
657,698,1169,172,843,339,844.0,827,320,543.0,404.32289076924644,366.28540784475706
657,698,1169,172,827,320,543.0,810,316,459.0,414.46833413422553,372.6499698108132
657,698,1169,172,810,316,459.0,781,331,644.0,411.50091129911243,386.80356771881
657,698,1169,172,781,331,644.0,767,345,412.0,387.38224017112606,419.3149174546501
657,698,1169,172,767,345,412.0,746,363,618.0,369.7418018022847,437.6448331695463
657,698,1169,172,746,363,618.0,738,365,229.0,346.6208303030849,464.1228285701965
657,698,1169,172,738,365,229.0,738,363,54.0,342.70978976387585,472.2393460947531
657,698,1169,172,738,363,54.0,736,355,178.0,344.6534491340541,471.42549782547826
657,698,1169,172,736,355,178.0,735,350,152.0,351.98011307458836,470.08297139973064
657,698,1169,172,735,350,152.0,735,346,129.0,356.63426644112593,469.0842141876019
657,698,1169,172,735,346,129.0,735,344,30.0,360.5384861564712,467.58100902410484
657,698,1169,172,735,344,30.0,735,345,13.0,362.49137920783716,466.84044383493597
657,698,1169,172,735,345,13.0,737,346,45.0,361.51486829728043,467.20980297934676
657,698,1169,172,737,346,45.0,738,348,53.0,360.9764535257113,465.72524088780074
657,698,1169,172,738,348,53.0,741,348,42.0,359.25060890693004,465.5502121146547
657,698,1169,172,741,348,42.0,743,350,11.0,359.93888370110835,462.77424301704605
657,698,1169,172,743,350,11.0,756,359,406.0,358.4689665786984,461.6925383845834
657,698,1169,172,756,359,406.0,790,364,1063.0,353.1600203873592,453.36298922607256
657,698,1169,172,790,364,1063.0,861,360,2088.0,359.5066063370741,424.8588000736245
657,698,1169,172,861,360,2088.0,941,348,2424.0,394.79108399253397,360.84345636300515
657,698,1169,172,941,348,2424.0,1040,332,2912.0,450.7282995331001,288.0277764383151
657,698,1169,172,1040,332,2912.0,1096,319,1697.0,529.7593793412251,205.526154053444
657,698,1169,172,1096,319,1697.0,1122,303,765.0,579.9672404541484,164.12799883018133
657,698,1169,172,1122,303,765.0,1127,294,281.0,610.1229384312641,139.17614738165446
657,698,1169,172,1127,294,281.0,1130,275,543.0,619.7709254232567,129.0271289303145
657,698,1169,172,1130,275,543.0,1133,254,656.0,634.5533862489428,110.13627921806692
657,698,1169,172,1133,254,656.0,1136,244,303.0,650.9316400360333,89.55445270895244
657,698,1169,172,1136,244,303.0,1145,232,353.0,659.9674234384603,79.20227269466452
657,698,1169,172,1145,232,353.0,1149,223,273.0,674.7592163134935,64.62197768561404
657,698,1169,172,1149,223,273.0,1160,197,765.0,683.8779130809826,54.78138369920935
657,698,1169,172,1160,197,765.0,1167,179,545.0,709.9366168891418,26.570660511172846
657,698,1169,172,1167,179,545.0,1169,172,212.0,727.640708042094,7.280109889280518
657,698,1169,172,1169,172,212.0,1169,172,0.0,734.0435954355845,0.0
1169,173,479,319,1169,174,5.0,1166,176,83.0,1.0,705.0709184188496
1169,173,479,319,1166,176,83.0,1142,189,615.0,4.242640687119285,701.7250173679146
1169,173,479,319,1142,189,615.0,1028,234,2235.0,31.38470965295043,675.6248959296867
1169,173,479,319,1028,234,2235.0,804,274,4480.0,153.62942426501507,555.5411775917245
1169,173,479,319,804,274,4480.0,673,287,3853.0,378.7162526219333,328.10059433045836
1169,173,479,319,673,287,3853.0,626,290,1382.0,508.93221552580064,196.6214637317096
1169,173,479,319,626,290,1382.0,609,292,531.0,555.4619698953295,149.83324063771698
1169,173,479,319,609,292,531.0,605,295,118.0,572.5041484565854,132.7742444904131
1169,173,479,319,605,295,118.0,588,303,515.0,577.0441924151044,128.2653499585917
1169,173,479,319,588,303,515.0,554,310,1030.0,595.366273818059,110.16805344563369
1169,173,479,319,554,310,1030.0,514,314,1176.0,630.0745987579566,75.53806987208503
1169,173,479,319,514,314,1176.0,482,315,970.0,670.0044775969784,35.35533905932738
1169,173,479,319,482,315,970.0,479,316,34.0,701.5219169776523,5.0
1169,173,479,319,479,316,34.0,479,319,68.0,704.6623304817705,3.0
1169,173,479,319,479,319,68.0,479,319,0.0,705.2772504483609,0.0
479,319,109,208,478,319,5.0,477,319,22.0,1.0,385.3336216838598
479,319,109,208,477,319,22.0,452,315,758.0,2.0,384.37611788455325
479,319,109,208,452,315,758.0,396,302,1697.0,27.294688127912362,359.30210130195456
479,319,109,208,396,302,1697.0,289,285,3057.0,84.72307831990054,302.00165562460086
479,319,109,208,289,285,3057.0,134,266,4844.0,193.0181338631166,195.77793542685038
479,319,109,208,134,266,4844.0,72,251,1824.0,349.04727473509945,63.15853069855251
479,319,109,208,72,251,1824.0,31,233,1242.0,412.6414908852477,56.72741841473134
479,319,109,208,31,233,1242.0,30,230,88.0,456.17978911828175,81.9084855189009
479,319,109,208,30,230,88.0,32,229,61.0,457.7357316181467,82.00609733428362
479,319,109,208,32,229,61.0,33,228,30.0,455.9703937757363,79.81227975693966
479,319,109,208,33,228,30.0,35,228,57.0,455.1889717468999,78.587530817554
479,319,109,208,35,228,57.0,36,227,32.0,453.22952242765473,76.6550715869472
479,319,109,208,36,227,32.0,41,224,147.0,452.45220742085013,75.43208866258443
479,319,109,208,41,224,147.0,63,218,667.0,448.1841139531833,69.85699678629192
479,319,109,208,63,218,667.0,89,212,765.0,428.08527187933015,47.07440918375928
479,319,109,208,89,212,765.0,107,208,563.0,404.4119187165482,20.396078054371138
479,319,109,208,107,208,563.0,109,208,0.0,388.20741878537046,2.0
109,208,781,458,109,210,10.0,117,223,406.0,2.0,716.301612451068
109,208,781,458,117,223,406.0,139,245,667.0,17.0,704.3585734553104
109,208,781,458,139,245,667.0,212,290,2147.0,47.634021455258214,676.4118567854943
109,208,781,458,212,290,2147.0,292,337,2424.0,131.65485179058157,593.2832375855565
109,208,781,458,292,337,2424.0,442,413,4545.0,223.8972978845435,503.7479528494384
109,208,781,458,442,413,4545.0,524,443,2412.0,391.042197211503,341.97368319799114
109,208,781,458,524,443,2412.0,595,463,2152.0,476.9171835864168,257.4373710244882
109,208,781,458,595,463,2152.0,629,469,1000.0,548.8360410905975,186.06719216455113
109,208,781,458,629,469,1000.0,643,470,438.0,581.8255752371152,152.3975065412817
109,208,781,458,643,470,438.0,646,468,44.0,594.8108943185221,138.52075656738234
109,208,781,458,646,468,44.0,655,459,300.0,596.6313769824715,135.36986370680884
109,208,781,458,655,459,300.0,685,450,833.0,600.9301124090887,126.00396819148197
109,208,781,458,685,450,833.0,739,448,1543.0,624.771958397622,96.33275663033837
109,208,781,458,739,448,1543.0,769,448,938.0,674.1661516273269,43.174066289845804
109,208,781,458,769,448,938.0,777,450,235.0,702.2819946431775,15.620499351813308
109,208,781,458,777,450,235.0,778,453,88.0,710.4843418401281,8.94427190999916
109,208,781,458,778,453,88.0,779,455,61.0,712.4507000487823,5.830951894845301
109,208,781,458,779,455,61.0,781,457,59.0,714.07912726812,3.605551275463989
109,208,781,458,781,457,59.0,781,458,0.0,716.6484493808663,1.0
1136,721,738,319,1135,721,7.0,1117,725,500.0,1.0,564.9893804311723
1136,721,738,319,1117,725,500.0,1071,732,1438.0,19.4164878389476,555.4070579313878
1136,721,738,319,1071,732,1438.0,1000,742,2088.0,65.92419889539804,530.5261539264582
1136,721,738,319,1000,742,2088.0,914,756,2529.0,137.6117727521886,497.5670809046756
1136,721,738,319,914,756,2529.0,858,767,1697.0,224.7420743875076,471.11039046066475
1136,721,738,319,858,767,1697.0,811,773,1424.0,281.7800560721074,463.79305730034383
1136,721,738,319,811,773,1424.0,794,773,500.0,329.13371143047624,459.83149087464636
1136,721,738,319,794,773,500.0,791,772,91.0,345.93062888388476,457.4407065402029
1136,721,738,319,791,772,91.0,789,770,59.0,348.7491935474547,456.0899034181748
1136,721,738,319,789,770,59.0,784,767,152.0,350.44257732187737,453.8744319743072
1136,721,738,319,784,767,152.0,783,766,19.0,354.9929576766277,450.35541520003954
1136,721,738,319,783,766,19.0,780,765,48.0,355.85671273702286,449.25939055294106
1136,721,738,319,780,765,48.0,742,758,1056.0,358.70879554312575,447.97321348491363
1136,721,738,319,742,758,1056.0,674,743,2061.0,395.73349618145795,439.01822285640947
1136,721,738,319,674,743,2061.0,631,729,1075.0,462.52351291583005,428.8029850642367
1136,721,738,319,631,729,1075.0,623,715,424.0,505.0633623615952,423.73222676591405
1136,721,738,319,623,715,424.0,623,708,219.0,513.0350865194309,412.3602793674483
1136,721,738,319,623,708,219.0,623,704,114.0,513.1646909131609,405.64269992198797
1136,721,738,319,623,704,114.0,623,702,59.0,513.281599124691,401.8084120572888
1136,721,738,319,623,702,59.0,623,700,57.0,513.3517312720393,399.892485550804
1136,721,738,319,623,700,57.0,623,699,20.0,513.4296446447166,397.9773862922365
1136,721,738,319,623,699,20.0,623,698,26.0,513.4715181974556,397.0201506221063
1136,721,738,319,623,698,26.0,621,694,91.0,513.5153357008921,396.0631262816573
1136,721,738,319,621,694,91.0,617,686,242.0,515.7072813137313,392.8282067265537
1136,721,738,319,617,686,242.0,612,667,576.0,520.1788154087016,386.4324002979046
1136,721,738,319,612,667,576.0,611,621,1394.0,526.7750943239439,370.10809231898725
1136,721,738,319,611,621,1394.0,626,574,1343.0,534.4389581607987,327.6171546180084
1136,721,738,319,626,574,1343.0,664,512,1938.0,530.7626588221896,278.5121182282739
1136,721,738,319,664,512,1938.0,696,460,1529.0,516.2024796530911,206.70026608594387
1136,721,738,319,696,460,1529.0,717,423,1121.0,511.5867472873002,147.12239802287073
1136,721,738,319,717,423,1121.0,734,382,1242.0,514.1643706053542,106.09901036296239
1136,721,738,319,734,382,1242.0,742,359,697.0,525.8564442887431,63.12685640834652
1136,721,738,319,742,359,697.0,743,346,382.0,535.051399400095,40.19950248448356
1136,721,738,319,743,346,382.0,741,344,48.0,543.2071428101807,27.459060435491963
1136,721,738,319,741,344,48.0,741,342,61.0,546.0347974259516,25.179356624028344
1136,721,738,319,741,342,61.0,741,333,265.0,547.4175737040235,23.194827009486403
1136,721,738,319,741,333,265.0,740,325,235.0,553.6867345349715,14.317821063276353
1136,721,738,319,740,325,235.0,738,320,152.0,560.0285706997456,6.324555320336759
1136,721,738,319,738,320,152.0,738,319,0.0,564.982300607727,1.0
1096,206,455,343,1095,207,7.0,1080,216,469.0,1.4142135623730951,654.2904553789548
1096,206,455,343,1080,216,469.0,1042,231,1086.0,18.867962264113206,637.7726867779774
1096,206,455,343,1042,231,1086.0,909,265,4156.0,59.50630218724736,597.5893238671521
1096,206,455,343,909,265,4156.0,732,306,4214.0,196.08671551127577,460.65171225124084
1096,206,455,343,732,306,4214.0,561,343,4071.0,377.48642359692883,279.46019394539894
1096,206,455,343,561,343,4071.0,537,346,750.0,552.2626186878848,106.0
1096,206,455,343,537,346,750.0,536,346,10.0,576.2646961249665,82.05485969764375
1096,206,455,343,536,346,10.0,535,346,21.0,577.2347875864725,81.05553651663777
1096,206,455,343,535,346,21.0,518,345,500.0,578.2049809539866,80.05623023850174
1096,206,455,343,518,345,500.0,488,344,938.0,594.4787632876383,63.0317380372777
1096,206,455,343,488,344,938.0,456,343,941.0,623.464513825767,33.015148038438355
1096,206,455,343,456,343,941.0,455,343,0.0,654.4990450718778,1.0
455,343,146,233,454,343,5.0,435,340,487.0,1.0,327.0535124410071
455,343,146,233,435,340,487.0,398,332,1057.0,20.223748416156685,308.1720298794165
455,343,146,233,398,332,1057.0,322,312,2375.0,58.05170109479997,270.74896121684384
455,343,146,233,322,312,2375.0,247,289,2273.0,136.56500283747664,192.91708063310517
455,343,146,233,247,289,2273.0,191,262,1647.0,214.89532335534898,115.48592987892508
455,343,146,233,191,262,1647.0,178,252,394.0,276.14670014323906,53.53503525729669
455,343,146,233,178,252,394.0,176,249,86.0,291.56474409640134,37.21558813185679
455,343,146,233,176,249,86.0,176,247,31.0,294.4095786485216,34.0
455,343,146,233,176,247,31.0,174,245,61.0,295.05423230314796,33.1058907144937
455,343,146,233,174,245,61.0,170,243,118.0,297.5987231155403,30.463092423455635
455,343,146,233,170,243,118.0,163,239,212.0,302.03476621077914,26.0
455,343,146,233,163,239,212.0,157,236,182.0,309.96774025695,18.027756377319946
455,343,146,233,157,236,182.0,148,233,265.0,316.6275414426231,11.40175425099138
455,343,146,233,148,233,265.0,146,233,61.0,326.11194397016493,2.0
455,343,146,233,146,233,61.0,146,233,0.0,327.9954267973869,0.0
817,452,1129,721,818,452,7.0,819,456,118.0,1.0,411.19581709934744
817,452,1129,721,819,456,118.0,825,470,424.0,4.47213595499958,407.82962128810607
817,452,1129,721,825,470,424.0,857,508,1152.0,19.697715603592208,394.2296285161733
817,452,1129,721,857,508,1152.0,907,563,1618.0,68.81860213634101,345.4750352775147
817,452,1129,721,907,563,1618.0,955,615,1576.0,142.90206436577463,272.48486196484384
817,452,1129,721,955,615,1576.0,1004,665,1563.0,213.5720019103628,203.74493858744074
817,452,1129,721,1004,665,1563.0,1039,698,1029.0,283.43958791954236,136.97079980784227
817,452,1129,721,1039,698,1029.0,1064,716,758.0,331.3608305156178,92.89241088485109
817,452,1129,721,1064,716,758.0,1076,719,353.0,361.53146474408004,65.19202405202648
817,452,1129,721,1076,719,353.0,1077,718,27.0,371.9811823197512,53.03772242470448
817,452,1129,721,1077,718,27.0,1078,718,33.0,371.96236368751073,52.08646657242167
817,452,1129,721,1078,718,33.0,1090,717,364.0,372.6620452903676,51.088159097779204
817,452,1129,721,1090,717,364.0,1114,719,706.0,380.4655043496059,39.20459156782532
817,452,1129,721,1114,719,706.0,1128,721,438.0,399.37200703103866,15.132745950421556
817,452,1129,721,1128,721,438.0,1129,721,0.0,411.19581709934744,1.0
1129,721,748,765,1123,722,32.0,1062,726,1386.0,6.082762530298219,377.4572823512616
1129,721,748,765,1062,726,1386.0,1001,731,1848.0,67.1863081289633,316.4127051810657
1129,721,748,765,1001,731,1848.0,914,743,2486.0,128.39003076563228,255.27436220662662
1129,721,748,765,914,743,2486.0,863,751,1594.0,216.12265036316762,167.45148551147582
1129,721,748,765,863,751,1594.0,818,758,1324.0,267.686383665662,115.84903970253703
1129,721,748,765,818,758,1324.0,793,762,758.0,313.1932310890515,70.34912934784623
1129,721,748,765,793,762,758.0,775,766,545.0,338.49224511057855,45.09988913511872
1129,721,748,765,775,766,545.0,758,766,486.0,356.84870743775997,27.018512172212592
1129,721,748,765,758,766,486.0,748,766,313.0,373.7191458836435,10.04987562112089
1129,721,748,765,748,766,313.0,748,765,0.0,383.64827641995214,1.0
580,687,749,327,579,686,5.0,579,679,212.0,1.4142135623730951,397.2165656162895
580,687,749,327,579,679,212.0,583,663,471.0,8.06225774829855,390.9015221254581
580,687,749,327,583,663,471.0,601,622,1242.0,24.186773244895647,374.7692623468472
580,687,749,327,601,622,1242.0,631,574,1412.0,68.30812543175226,330.04393646907073
580,687,749,327,631,574,1412.0,673,520,1688.0,123.97580409095961,273.73892671668017
580,687,749,327,673,520,1688.0,722,457,1800.0,191.14915641979695,207.4246851269154
580,687,749,327,722,457,1800.0,749,418,1182.0,270.3035330882673,132.7742444904131
580,687,749,327,749,418,1182.0,764,388,909.0,317.6822311681911,91.0
580,687,749,327,764,388,909.0,765,380,235.0,351.0797630168962,62.81719509815764
580,687,749,327,765,380,235.0,765,378,61.0,358.43269940115675,55.362442142665635
580,687,749,327,765,378,61.0,764,376,30.0,360.14719213121737,53.45091205957107
580,687,749,327,764,376,30.0,762,368,242.0,361.35439668004597,51.24451190127583
580,687,749,327,762,368,242.0,761,356,353.0,367.26693289758606,43.01162633521314
580,687,749,327,761,356,353.0,757,341,455.0,377.25588133255127,31.38470965295043
580,687,749,327,757,341,455.0,750,329,375.0,388.6450823051798,16.1245154965971
580,687,749,327,750,329,375.0,749,327,0.0,396.31300760888485,2.23606797749979
749,327,1133,152,750,327,3.0,872,256,3050.0,1.0,421.0866894120497
749,327,1133,152,872,256,3050.0,968,199,3000.0,142.0211251891774,280.95729212818094
749,327,1133,152,968,199,3000.0,1055,147,2417.0,253.6631624812716,171.56339936011994
749,327,1133,152,1055,147,2417.0,1099,125,1375.0,355.01549261968836,78.16009211867653
749,327,1133,152,1099,125,1375.0,1119,118,625.0,404.1088962148693,43.41658669218482
749,327,1133,152,1119,118,625.0,1122,121,86.0,424.9482321412809,36.76955262170047
749,327,1133,152,1122,121,86.0,1125,134,406.0,426.10444728962875,32.89376840679705
749,327,1133,152,1125,134,406.0,1130,146,364.0,422.6405091800832,19.697715603592208
749,327,1133,152,1130,146,364.0,1133,152,176.0,421.80801320031844,6.708203932499369
749,327,1133,152,1133,152,176.0,1133,152,0.0,421.9964454826604,0.0
1134,151,447,330,1122,157,55.0,1077,171,1406.0,13.416407864998739,696.8170491599642
1134,151,447,330,1077,171,1406.0,986,194,2676.0,60.40695324215582,649.7545690489602
1134,151,447,330,986,194,2676.0,821,233,5000.0,154.12008305214476,555.8929753108956
1134,151,447,330,821,233,5000.0,688,270,3500.0,323.56297686849155,386.3741709793759
1134,151,447,330,688,270,3500.0,588,306,2222.0,461.6026429733695,248.35659846277488
1134,151,447,330,588,306,2222.0,552,316,1091.0,567.5746646917919,143.02796929272262
1134,151,447,330,552,316,1091.0,516,325,1059.0,604.9371868219047,105.92922165295089
1134,151,447,330,516,325,1059.0,497,327,576.0,642.0280367709809,69.18092222571191
1134,151,447,330,497,327,576.0,466,329,912.0,660.8668549715593,50.08991914547278
1134,151,447,330,466,329,912.0,454,330,364.0,691.3089034577813,19.026297590440446
1134,151,447,330,454,330,364.0,447,330,206.0,703.1649877518078,7.0
1134,151,447,330,447,330,206.0,447,330,0.0,709.9366168891418,0.0
447,330,121,173,443,328,10.0,423,319,606.0,4.47213595499958,357.3639601302851
447,330,121,173,423,319,606.0,384,304,1147.0,26.40075756488817,335.4400095397089
447,330,121,173,384,304,1147.0,323,279,1848.0,68.15423684555495,293.8196725884773
447,330,121,173,323,279,1848.0,237,238,2606.0,134.07833531186162,228.12277396174193
447,330,121,173,237,238,2606.0,189,213,1455.0,229.26840166058645,132.9699214108213
447,330,121,173,189,213,1455.0,167,197,629.0,283.28960446864266,78.89233169326408
447,330,121,173,167,197,629.0,164,192,156.0,309.9822575567834,51.884487084291386
447,330,121,173,164,192,156.0,160,189,73.0,314.8539343886304,47.01063709417264
447,330,121,173,160,189,73.0,125,175,522.0,319.7655391063896,42.15447781671598
447,330,121,173,125,175,522.0,121,173,89.0,357.3639601302851,4.47213595499958
447,330,121,173,121,173,89.0,121,173,0.0,361.83559802761255,0.0
830,460,1124,713,830,461,7.0,829,471,238.0,1.0,387.22086720630125
830,460,1124,713,829,471,238.0,833,487,516.0,11.045361017187261,381.5612663780222
830,460,1124,713,833,487,516.0,851,525,1027.0,27.16615541441225,368.4521678590045
830,460,1124,713,851,525,1027.0,881,566,1367.0,68.30812543175226,331.470964037576
830,460,1124,713,881,566,1367.0,932,620,1636.0,117.63077828527702,284.00352110493276
830,460,1124,713,932,620,1636.0,969,651,1121.0,189.74720024284943,213.3377603707323
830,460,1124,713,969,651,1121.0,1021,688,1529.0,236.22446951998856,166.94010902116963
830,460,1124,713,1021,688,1529.0,1055,702,1000.0,297.4306641891518,105.99056561788883
830,460,1124,713,1055,702,1000.0,1088,709,1000.0,330.4375886608544,69.87131027825369
830,460,1124,713,1088,709,1000.0,1104,710,471.0,358.5596184736926,36.22154055254967
830,460,1124,713,1104,710,471.0,1110,710,188.0,370.912388577141,20.223748416156685
830,460,1124,713,1110,710,188.0,1122,712,353.0,375.3664875824692,14.317821063276353
830,460,1124,713,1122,712,353.0,1124,713,57.0,385.7045501416855,2.23606797749979
830,460,1124,713,1124,713,57.0,1124,713,0.0,387.87240169932176,0.0
590,670,740,342,590,669,6.0,590,668,28.0,1.0,359.76242160625947
590,670,740,342,590,668,28.0,591,666,54.0,2.0,358.85373064801763
590,670,740,342,591,666,54.0,592,664,65.0,4.123105625617661,356.61884414595926
590,670,740,342,592,664,65.0,593,661,81.0,6.324555320336759,354.3839725495497
590,670,740,342,593,661,81.0,598,652,205.0,9.486832980505138,351.2406582387637
590,670,740,342,598,652,205.0,603,641,324.0,19.697715603592208,340.9750724026611
590,670,740,342,603,641,324.0,610,627,424.0,31.78049716414141,328.89207956410263
590,670,740,342,610,627,424.0,632,595,941.0,47.4236228055175,313.2491021535417
590,670,740,342,632,595,941.0,666,559,1091.0,85.95929269136641,275.0872588834314
590,670,740,342,666,559,1091.0,721,500,1735.0,134.52509059651288,229.2705825002414
590,670,740,342,721,500,1735.0,748,462,1188.0,214.61826576505553,159.13830462839547
590,670,740,342,748,462,1188.0,766,423,1114.0,261.20490041344937,120.26637102698326
590,670,740,342,766,423,1114.0,767,406,515.0,303.29028998634294,85.07055894961546
590,670,740,342,767,406,515.0,767,395,344.0,317.8443015062564,69.46221994724903
590,670,740,342,767,395,344.0,764,388,206.0,327.0382240656281,59.481089431852205
590,670,740,342,764,388,206.0,762,385,88.0,331.3608305156178,51.884487084291386
590,670,740,342,762,385,88.0,757,380,152.0,332.8798582071315,48.30113870293329
590,670,740,342,757,380,152.0,752,372,242.0,334.647575816709,41.6293165929973
590,670,740,342,752,372,242.0,746,365,212.0,339.1872639118397,32.31098884280702
590,670,740,342,746,365,212.0,742,359,176.0,342.5799176834509,23.769728648009426
590,670,740,342,742,359,176.0,741,356,91.0,346.1574786134195,17.11724276862369
590,670,740,342,741,356,91.0,740,353,88.0,348.4207226902556,14.035668847618199
590,670,740,342,740,353,88.0,740,343,159.0,350.69787567078305,11.0
590,670,740,342,740,343,159.0,740,342,0.0,359.76242160625947,1.0
740,342,1142,188,739,344,11.0,739,349,18.0,2.23606797749979,432.1400236034612
740,342,1142,188,739,349,18.0,746,350,163.0,7.0710678118654755,433.9700450491946
740,342,1142,188,746,350,163.0,763,351,515.0,10.0,427.85511566416966
740,342,1142,188,763,351,515.0,795,352,970.0,24.698178070456937,412.56514637084894
740,342,1142,188,795,352,970.0,865,348,2059.0,55.90169943749474,383.80333505585907
740,342,1142,188,865,348,2059.0,932,337,2030.0,125.14391715141412,319.8890432634416
740,342,1142,188,932,337,2030.0,1005,319,2147.0,192.06509313251067,257.489805623446
740,342,1142,188,1005,319,2147.0,1043,303,1188.0,265.9962405749375,189.5521036549054
740,342,1142,188,1043,303,1188.0,1071,287,824.0,305.4995908344232,151.74320413119
740,342,1142,188,1071,287,824.0,1099,262,848.0,335.538373364359,121.82774724995944
740,342,1142,188,1099,262,848.0,1107,243,559.0,367.80565520394055,85.58621384311844
740,342,1142,188,1107,243,559.0,1113,222,636.0,380.1184026063458,65.19202405202648
740,342,1142,188,1113,222,636.0,1114,216,176.0,391.8277682860162,44.68780594300866
740,342,1142,188,1114,216,176.0,1123,204,364.0,394.654279084872,39.59797974644666
740,342,1142,188,1123,204,364.0,1138,193,455.0,407.1031810241723,24.839484696748443
740,342,1142,188,1138,193,455.0,1142,189,118.0,424.976469936866,6.4031242374328485
740,342,1142,188,1142,189,118.0,1142,188,0.0,430.1313752796929,1.0
113,198,846,508,113,199,8.0,115,206,184.0,1.0,795.4684154634928
113,198,846,508,115,206,184.0,134,226,606.0,8.246211251235321,790.9266716959291
113,198,846,508,134,226,606.0,193,271,1735.0,35.0,765.8119873702683
113,198,846,508,193,271,1735.0,316,338,3727.0,108.30050784737807,694.678342832134
113,198,846,508,316,338,3727.0,510,414,5543.0,246.59480935331953,556.5968020030299
113,198,846,508,510,414,5543.0,658,466,4625.0,451.9568563480368,348.9011321277132
113,198,846,508,658,466,4625.0,826,511,5091.0,607.3293999140828,192.634368688456
113,198,846,508,826,511,5091.0,882,521,1647.0,778.6770832636595,20.223748416156685
113,198,846,508,882,521,1647.0,895,523,394.0,834.080331862585,38.27531841800928
113,198,846,508,895,523,394.0,892,520,88.0,846.8465032105878,51.24451190127583
113,198,846,508,892,520,88.0,889,517,91.0,842.9264499349869,47.53945729601885
113,198,846,508,889,517,91.0,889,516,5.0,839.0095351067233,43.93176527297759
113,198,846,508,889,516,5.0,876,514,361.0,838.6298349093001,43.73785545725808
113,198,846,508,876,514,361.0,855,510,636.0,825.8480489775344,30.59411708155671
113,198,846,508,855,510,636.0,846,508,257.0,804.9273259120974,9.219544457292887
113,198,846,508,846,508,257.0,846,508,0.0,795.8573992870834,0.0
846,508,1151,753,847,511,16.0,864,532,525.0,3.1622776601683795,388.5614494516923
846,508,1151,753,864,532,525.0,892,559,875.0,30.0,362.2292092032336
846,508,1151,753,892,559,875.0,941,607,1441.0,68.6804193347711,323.6000618046913
846,508,1151,753,941,607,1441.0,988,654,1424.0,137.20787149431334,255.76551761330143
846,508,1151,753,988,654,1424.0,1025,698,1294.0,203.66639388961548,190.70920271449933
846,508,1151,753,1025,698,1294.0,1056,726,886.0,261.0383113644432,137.48090776540573
846,508,1151,753,1056,726,886.0,1082,740,813.0,302.6945655276949,98.76234100101111
846,508,1151,753,1082,740,813.0,1098,745,500.0,330.9380606699689,70.21395872616783
846,508,1151,753,1098,745,500.0,1100,745,26.0,345.9378556908741,53.600373133029585
846,508,1151,753,1100,745,26.0,1122,750,524.0,347.3974668877135,51.62363799656123
846,508,1151,753,1122,750,524.0,1145,753,676.0,367.06947571270484,29.154759474226502
846,508,1151,753,1145,753,676.0,1151,753,188.0,386.55659352803696,6.0
846,508,1151,753,1151,753,188.0,1151,753,0.0,391.21605284037105,0.0
595,704,750,337,595,703,13.0,594,701,50.0,1.0,397.46823772472686
595,704,750,337,594,701,50.0,594,699,63.0,3.1622776601683795,396.02020150492325
595,704,750,337,594,699,63.0,595,686,382.0,5.0990195135927845,394.1826987578222
595,704,750,337,595,686,382.0,597,666,588.0,18.0,381.87170620510756
595,704,750,337,597,666,588.0,598,621,1406.0,38.05259518088089,362.8360511305347
595,704,750,337,598,621,1406.0,598,588,1065.0,83.05419917138447,322.11799080461185
595,704,750,337,598,588,1065.0,599,537,1378.0,116.03878661895772,293.43653487594213
595,704,750,337,599,537,1378.0,601,497,1212.0,167.0478973228936,250.60127693210185
595,704,750,337,601,497,1212.0,605,475,667.0,207.0869382650678,218.6343980255623
595,704,750,337,605,475,667.0,622,444,939.0,229.21823662178366,200.1724256734678
595,704,750,337,622,444,939.0,653,416,1033.0,261.3981637272917,166.83225107874077
595,704,750,337,653,416,1033.0,696,391,1162.0,293.7822322741796,125.09996003196804
595,704,750,337,696,391,1162.0,723,378,818.0,328.89207956410263,76.36753236814714
595,704,750,337,723,378,818.0,741,370,529.0,350.2284968417048,49.09175083453431
595,704,750,337,741,370,529.0,744,367,88.0,364.51611761347397,34.20526275297414
595,704,750,337,744,367,88.0,745,366,32.0,368.46980880392357,30.59411708155671
595,704,750,337,745,366,32.0,746,364,57.0,369.78912909927465,29.427877939124322
595,704,750,337,746,364,57.0,748,357,212.0,372.02284876066415,27.294688127912362
595,704,750,337,748,357,212.0,751,345,343.0,379.23343734433547,20.09975124224178
595,704,750,337,751,345,343.0,751,339,150.0,391.42943169874184,8.06225774829855
595,704,750,337,751,339,150.0,750,337,0.0,396.9395419960072,2.23606797749979
